user_id,edad,sexo,estado_civil,numero_hijos,empleo_formal,ingreso_mensual,linea_credito,gasto_total,credito_utilizado,monto_promedio_ahorro,ratio_gasto_ingreso,pct_credito_ocupado,tasa_ahorro_real,perfil_financiero
1,58,m,soltero,2,0,37256,30000,50096.43846153846,24132,1117.68,1.3447,0.8044,0.03,RIESGOSO
2,31,m,divorciado,1,1,61354,30000,48551.15384615384,3090,1840.62,0.7913,0.103,0.03,SALUDABLE
3,29,f,divorciado,1,1,28866,15000,56236.53846153846,6267,6350.52,1.9482,0.4178,0.22,RIESGOSO
4,19,f,unión libre,3,0,69261,30000,42495.49230769231,20390,6926.1,0.6136,0.6797,0.1,SALUDABLE
5,62,m,divorciado,0,0,45268,80000,40602.915384615386,62746,4526.8,0.8969,0.7843,0.1,MODERADO
6,35,m,unión libre,3,1,23915,15000,47032.26923076923,10322,2391.5,1.9666,0.6881,0.1,RIESGOSO
7,58,f,unión libre,3,1,34111,80000,49077.06923076923,63335,1023.33,1.4387,0.7917,0.03,MODERADO
8,50,m,divorciado,4,0,13683,120000,38693.54615384615,39535,1368.3,2.8279,0.3295,0.1,RIESGOSO
9,49,f,divorciado,2,0,75154,15000,42662.96923076923,5655,7515.4,0.5677,0.377,0.1,SALUDABLE
10,36,f,casado,2,0,26537,50000,45002.46923076923,20331,5838.14,1.6958,0.4066,0.22,RIESGOSO
11,68,m,unión libre,1,0,51583,30000,45671.42307692308,1452,5158.3,0.8854,0.0484,0.1,SALUDABLE
12,26,f,soltero,3,1,75811,50000,50834.53846153846,8410,16678.42,0.6705,0.1682,0.22,SALUDABLE
13,27,m,soltero,4,0,33006,15000,39997.553846153845,7225,3300.6,1.2118,0.4817,0.1,SALUDABLE
14,70,f,unión libre,0,1,20502,30000,41384.7,4607,2050.2,2.0186,0.1536,0.1,RIESGOSO
15,26,f,casado,4,1,50030,30000,53879.32307692307,9888,11006.6,1.0769,0.3296,0.22,SALUDABLE
16,21,m,casado,0,1,64873,50000,35661.984615384616,37083,14272.06,0.5497,0.7417,0.22,SALUDABLE
17,37,f,casado,3,1,31283,80000,55300.26923076923,41830,938.49,1.7677,0.5229,0.03,RIESGOSO
18,54,f,soltero,4,0,43112,120000,52210.7923076923,107909,9484.64,1.2111,0.8992,0.22,MODERADO
19,65,f,unión libre,0,0,72865,80000,55760.730769230766,14777,2185.95,0.7653,0.1847,0.03,SALUDABLE
20,46,f,unión libre,3,0,78244,50000,46873.52307692308,13607,7824.4,0.5991,0.2721,0.1,SALUDABLE
21,26,m,divorciado,3,1,30833,120000,53068.96923076923,90906,6783.26,1.7212,0.7575,0.22,MODERADO
22,52,f,divorciado,2,1,71646,120000,37279.18461538461,79817,7164.6,0.5203,0.6651,0.1,MODERADO
23,61,m,soltero,3,1,42003,80000,41449.61538461538,53031,4200.3,0.9868,0.6629,0.1,MODERADO
24,42,f,soltero,4,0,22170,15000,38333.2923076923,790,2217.0,1.7291,0.0527,0.1,RIESGOSO
25,70,m,unión libre,4,0,67796,50000,47244.25384615384,23812,14915.12,0.6969,0.4762,0.22,SALUDABLE
26,32,f,casado,1,1,66827,30000,43219.13846153846,22369,2004.81,0.6467,0.7456,0.03,SALUDABLE
27,65,f,unión libre,1,1,56906,15000,33645.24615384615,9068,12519.32,0.5912,0.6045,0.22,SALUDABLE
28,42,f,unión libre,4,0,75720,50000,35909.2923076923,24663,16658.4,0.4742,0.4933,0.22,SALUDABLE
29,29,f,divorciado,2,1,53135,80000,38625.96153846154,18096,11689.7,0.7269,0.2262,0.22,SALUDABLE
30,29,m,divorciado,1,0,39726,50000,41073.32307692308,13551,1191.78,1.0339,0.271,0.03,RIESGOSO
31,44,m,casado,0,0,38753,50000,34427.43076923077,48750,3875.3,0.8884,0.975,0.1,MODERADO
32,37,f,unión libre,3,0,51286,15000,39060.92307692308,13820,5128.6,0.7616,0.9213,0.1,SALUDABLE
33,20,f,divorciado,4,1,14433,50000,46541.04615384615,14465,1443.3,3.2246,0.2893,0.1,RIESGOSO
34,58,f,soltero,2,0,49853,120000,49117.261538461535,74044,1495.59,0.9852,0.617,0.03,MODERADO
35,27,m,soltero,1,0,11433,120000,48863.13076923077,80864,342.99,4.2739,0.6739,0.03,MODERADO
36,48,f,divorciado,4,1,42034,120000,49980.44615384616,75385,9247.48,1.189,0.6282,0.22,MODERADO
37,57,f,divorciado,0,0,11800,80000,38173.51538461538,6613,354.0,3.235,0.0827,0.03,RIESGOSO
38,36,m,unión libre,4,0,8110,120000,35846.78461538461,107577,1784.2,4.4201,0.8965,0.22,MODERADO
39,39,m,casado,4,0,73004,80000,45657.78461538461,50222,2190.12,0.6254,0.6278,0.03,MODERADO
40,24,f,divorciado,0,1,32833,30000,46957.94615384615,1169,984.99,1.4302,0.039,0.03,RIESGOSO
41,32,f,casado,4,0,38107,15000,52262.51538461538,6745,8383.54,1.3715,0.4497,0.22,SALUDABLE
42,63,m,casado,1,0,13393,50000,44760.80769230769,37652,401.79,3.3421,0.753,0.03,RIESGOSO
43,34,m,soltero,1,1,68429,30000,44087.50769230769,11710,2052.87,0.6443,0.3903,0.03,SALUDABLE
44,36,f,unión libre,3,0,61383,50000,38135.13846153846,28046,1841.49,0.6213,0.5609,0.03,SALUDABLE
45,40,f,divorciado,2,0,40011,30000,50954.68461538461,7688,4001.1,1.2735,0.2563,0.1,SALUDABLE
46,65,m,casado,2,1,48536,50000,37104.96153846154,44908,1456.08,0.7645,0.8982,0.03,MODERADO
47,56,m,soltero,2,1,47650,80000,50608.7,48614,1429.5,1.0621,0.6077,0.03,MODERADO
48,60,f,unión libre,2,0,73987,15000,49993.28461538461,1866,7398.7,0.6757,0.1244,0.1,SALUDABLE
49,70,m,soltero,1,0,34920,50000,54865.91538461538,10291,3492.0,1.5712,0.2058,0.1,RIESGOSO
50,65,m,unión libre,0,1,22461,15000,34164.92307692308,6055,2246.1,1.5211,0.4037,0.1,RIESGOSO
51,21,m,casado,4,0,72615,120000,39186.54615384615,98617,7261.5,0.5396,0.8218,0.1,MODERADO
52,25,f,divorciado,1,0,31006,15000,39688.51538461538,9636,930.18,1.28,0.6424,0.03,RIESGOSO
53,48,f,casado,1,0,13776,15000,48586.15384615384,2091,1377.6,3.5269,0.1394,0.1,RIESGOSO
54,45,f,divorciado,3,1,56170,80000,33570.13076923077,41552,1685.1,0.5977,0.5194,0.03,MODERADO
55,43,m,soltero,1,1,70685,15000,36069.23846153846,6373,15550.7,0.5103,0.4249,0.22,SALUDABLE
56,32,m,casado,1,0,62484,120000,39463.32307692307,14114,13746.48,0.6316,0.1176,0.22,SALUDABLE
57,34,f,divorciado,2,1,45122,80000,40391.13076923077,73681,4512.2,0.8952,0.921,0.1,MODERADO
58,61,m,soltero,0,1,8947,120000,42751.553846153845,103442,1968.34,4.7783,0.862,0.22,MODERADO
59,38,f,soltero,2,0,78202,30000,46962.24615384615,27758,7820.2,0.6005,0.9253,0.1,SALUDABLE
60,66,m,soltero,0,1,55652,120000,33068.34615384616,22492,5565.2,0.5942,0.1874,0.1,SALUDABLE
61,21,f,casado,4,1,68003,30000,50676.66923076923,14383,14960.66,0.7452,0.4794,0.22,SALUDABLE
62,62,m,divorciado,1,1,21508,120000,54289.46153846154,80098,645.24,2.5242,0.6675,0.03,MODERADO
63,58,m,divorciado,1,1,43231,30000,49613.50769230769,19059,4323.1,1.1476,0.6353,0.1,SALUDABLE
64,62,m,casado,2,0,34644,15000,37989.2923076923,5937,3464.4,1.0966,0.3958,0.1,SALUDABLE
65,50,m,soltero,4,1,70515,120000,46757.96923076923,113876,15513.3,0.6631,0.949,0.22,MODERADO
66,39,f,casado,1,1,62932,80000,38377.53076923077,62324,6293.2,0.6098,0.779,0.1,MODERADO
67,51,m,divorciado,1,0,24558,120000,47116.63846153846,15515,2455.8,1.9186,0.1293,0.1,RIESGOSO
68,63,f,casado,3,1,38493,120000,46275.21538461538,8681,3849.3,1.2022,0.0723,0.1,RIESGOSO
69,51,f,soltero,0,0,22559,30000,35231.66923076923,3774,676.77,1.5618,0.1258,0.03,RIESGOSO
70,54,f,unión libre,0,0,73395,30000,51127.44615384616,15280,7339.5,0.6966,0.5093,0.1,SALUDABLE
71,43,f,soltero,3,1,63683,30000,41773.03846153846,916,1910.49,0.656,0.0305,0.03,SALUDABLE
72,22,m,casado,4,1,21226,15000,51168.21538461538,8170,636.78,2.4106,0.5447,0.03,RIESGOSO
73,64,f,divorciado,3,1,29305,80000,39591.81538461538,61254,2930.5,1.351,0.7657,0.1,MODERADO
74,41,f,casado,3,1,38115,120000,41347.34615384616,108504,8385.3,1.0848,0.9042,0.22,MODERADO
75,36,m,soltero,3,1,72651,50000,41216.0,5692,15983.22,0.5673,0.1138,0.22,SALUDABLE
76,36,m,unión libre,2,1,36261,120000,36267.484615384616,96119,1087.83,1.0002,0.801,0.03,MODERADO
77,26,m,casado,4,0,29783,30000,36180.03846153846,14339,6552.26,1.2148,0.478,0.22,SALUDABLE
78,28,f,casado,3,1,72237,50000,44690.15384615384,44916,2167.11,0.6187,0.8983,0.03,MODERADO
79,23,m,unión libre,1,1,42189,15000,49648.56153846154,1889,4218.9,1.1768,0.1259,0.1,SALUDABLE
80,25,f,divorciado,2,0,56404,50000,42355.76923076923,27898,5640.4,0.7509,0.558,0.1,SALUDABLE
81,24,f,casado,1,0,45925,30000,50038.18461538461,28340,1377.75,1.0896,0.9447,0.03,SALUDABLE
82,48,f,unión libre,1,0,27205,120000,40686.31538461538,38316,5985.1,1.4955,0.3193,0.22,MODERADO
83,46,f,casado,1,0,38382,30000,45773.95384615385,10066,3838.2,1.1926,0.3355,0.1,SALUDABLE
84,66,m,divorciado,2,1,67151,30000,34759.53846153846,21313,6715.1,0.5176,0.7104,0.1,SALUDABLE
85,43,f,unión libre,4,1,11732,15000,49782.7,5432,351.96,4.2433,0.3621,0.03,RIESGOSO
86,70,m,casado,3,0,62920,80000,48028.03846153846,77518,1887.6,0.7633,0.969,0.03,MODERADO
87,38,m,soltero,1,1,74338,120000,47894.16923076923,38824,7433.8,0.6443,0.3235,0.1,SALUDABLE
88,51,m,soltero,2,1,48142,15000,55988.94615384616,13107,10591.24,1.163,0.8738,0.22,SALUDABLE
89,36,f,unión libre,4,1,22220,15000,39399.74615384615,6470,4888.4,1.7732,0.4313,0.22,RIESGOSO
90,47,f,unión libre,2,0,59488,30000,58880.3923076923,15408,1784.64,0.9898,0.5136,0.03,SALUDABLE
91,67,m,soltero,0,0,52713,120000,57377.61538461538,9225,1581.39,1.0885,0.0769,0.03,RIESGOSO
92,54,f,casado,1,1,38005,120000,37318.94615384616,79873,1140.15,0.9819,0.6656,0.03,MODERADO
93,48,m,soltero,1,0,28005,30000,40548.76923076923,16403,2800.5,1.4479,0.5468,0.1,RIESGOSO
94,59,m,divorciado,4,1,38345,15000,56544.21538461538,4694,3834.5,1.4746,0.3129,0.1,RIESGOSO
95,25,m,soltero,1,1,71733,30000,48411.97692307692,186,7173.3,0.6749,0.0062,0.1,SALUDABLE
96,59,f,unión libre,1,1,71483,50000,40846.984615384616,37236,7148.3,0.5714,0.7447,0.1,SALUDABLE
97,48,m,casado,1,0,12757,80000,44840.81538461539,47785,382.71,3.515,0.5973,0.03,RIESGOSO
98,36,f,soltero,2,1,58666,80000,42172.06923076923,10239,5866.6,0.7189,0.128,0.1,SALUDABLE
99,68,m,soltero,0,1,31274,15000,47053.38461538462,2186,938.22,1.5046,0.1457,0.03,RIESGOSO
100,37,m,casado,4,1,59748,50000,42074.65384615384,280,5974.8,0.7042,0.0056,0.1,SALUDABLE
101,54,f,soltero,2,1,62464,15000,36819.92307692308,5163,13742.08,0.5895,0.3442,0.22,SALUDABLE
102,35,m,soltero,3,1,73231,15000,40336.3,1877,7323.1,0.5508,0.1251,0.1,SALUDABLE
103,33,f,soltero,2,1,69785,30000,43782.42307692308,17448,6978.5,0.6274,0.5816,0.1,SALUDABLE
104,53,f,divorciado,4,0,14924,120000,38711.261538461535,23565,1492.4,2.5939,0.1964,0.1,RIESGOSO
105,25,f,unión libre,4,0,77375,15000,49074.53076923077,4286,7737.5,0.6342,0.2857,0.1,SALUDABLE
106,33,f,unión libre,3,1,42588,50000,51326.57692307692,39064,1277.64,1.2052,0.7813,0.03,MODERADO
107,19,f,casado,1,0,22202,30000,41354.25384615384,27498,2220.2,1.8626,0.9166,0.1,RIESGOSO
108,66,f,casado,4,0,53160,15000,46365.51538461538,9100,5316.0,0.8722,0.6067,0.1,SALUDABLE
109,68,m,casado,1,0,51369,15000,48349.27692307692,9915,5136.9,0.9412,0.661,0.1,SALUDABLE
110,42,f,soltero,4,1,71932,50000,37294.67692307692,17151,2157.96,0.5185,0.343,0.03,SALUDABLE
111,55,f,casado,3,0,63452,80000,47852.5,57811,6345.2,0.7542,0.7226,0.1,MODERADO
112,21,f,casado,4,1,77074,80000,42593.9,14747,2312.22,0.5526,0.1843,0.03,SALUDABLE
113,63,f,casado,4,1,10239,15000,36922.86923076923,3749,2252.58,3.6061,0.2499,0.22,RIESGOSO
114,49,f,casado,3,0,22969,30000,51614.25384615384,812,689.07,2.2471,0.0271,0.03,RIESGOSO
115,46,m,casado,0,0,42013,120000,38231.13846153846,6137,4201.3,0.91,0.0511,0.1,SALUDABLE
116,43,m,divorciado,3,0,75605,30000,50987.26923076923,22943,2268.15,0.6744,0.7648,0.03,SALUDABLE
117,30,m,casado,4,1,66207,15000,39696.70769230769,13138,1986.21,0.5996,0.8759,0.03,SALUDABLE
118,18,f,casado,4,0,27278,120000,54720.57692307692,59833,6001.16,2.006,0.4986,0.22,MODERADO
119,22,f,divorciado,0,0,24581,15000,43614.06153846154,1425,737.43,1.7743,0.095,0.03,RIESGOSO
120,69,f,divorciado,4,0,62018,50000,48792.45384615385,8618,6201.8,0.7867,0.1724,0.1,SALUDABLE
121,24,f,casado,1,1,14490,50000,47177.10769230769,46418,1449.0,3.2558,0.9284,0.1,RIESGOSO
122,33,f,casado,0,0,67975,50000,38600.65384615384,23181,6797.5,0.5679,0.4636,0.1,SALUDABLE
123,20,m,soltero,3,1,14164,80000,37309.95384615385,33222,1416.4,2.6341,0.4153,0.1,RIESGOSO
124,34,m,casado,4,1,39381,30000,50040.53846153846,23598,8663.82,1.2707,0.7866,0.22,SALUDABLE
125,47,f,casado,4,1,60468,50000,46847.08461538461,26655,1814.04,0.7747,0.5331,0.03,SALUDABLE
126,69,m,soltero,0,0,43593,80000,42221.88461538462,64458,1307.79,0.9685,0.8057,0.03,MODERADO
127,49,f,unión libre,4,1,67000,50000,32455.123076923075,5834,6700.0,0.4844,0.1167,0.1,SALUDABLE
128,31,f,unión libre,3,1,77306,120000,47467.13076923077,51328,2319.18,0.614,0.4277,0.03,MODERADO
129,29,m,unión libre,4,0,52989,80000,37521.62307692308,51668,5298.9,0.7081,0.6458,0.1,MODERADO
130,59,f,casado,4,1,31577,15000,43821.65384615384,7069,3157.7,1.3878,0.4713,0.1,RIESGOSO
131,21,f,divorciado,4,1,29497,80000,39658.06153846154,57166,6489.34,1.3445,0.7146,0.22,MODERADO
132,64,m,divorciado,2,0,42763,50000,47351.53846153846,20711,1282.89,1.1073,0.4142,0.03,RIESGOSO
133,50,f,divorciado,2,0,66802,15000,32877.78461538461,896,6680.2,0.4922,0.0597,0.1,SALUDABLE
134,63,m,divorciado,4,1,45681,30000,45775.50769230769,21317,1370.43,1.0021,0.7106,0.03,SALUDABLE
135,50,f,casado,1,1,39718,120000,56402.17692307692,7910,3971.8,1.4201,0.0659,0.1,RIESGOSO
136,21,f,unión libre,0,0,26900,50000,29182.6,35650,5918.0,1.0849,0.713,0.22,SALUDABLE
137,23,f,soltero,1,1,31735,30000,38110.02307692308,29863,3173.5,1.2009,0.9954,0.1,SALUDABLE
138,31,m,soltero,0,0,10382,120000,39021.261538461535,68025,1038.2,3.7585,0.5669,0.1,MODERADO
139,25,m,soltero,3,0,36713,15000,32959.0,4333,3671.3,0.8977,0.2889,0.1,SALUDABLE
140,23,f,divorciado,2,1,29446,50000,39484.42307692308,16828,2944.6,1.3409,0.3366,0.1,RIESGOSO
141,53,m,divorciado,1,0,34581,120000,58482.88461538461,115227,3458.1,1.6912,0.9602,0.1,MODERADO
142,51,m,casado,3,1,17554,50000,49979.15384615384,32981,3861.88,2.8472,0.6596,0.22,RIESGOSO
143,29,f,divorciado,1,1,44655,80000,44407.31538461539,75703,1339.65,0.9945,0.9463,0.03,MODERADO
144,43,m,divorciado,1,0,78438,15000,49705.81538461538,5682,7843.8,0.6337,0.3788,0.1,SALUDABLE
145,28,m,casado,1,1,9130,15000,55695.553846153845,8737,273.9,6.1003,0.5825,0.03,RIESGOSO
146,18,f,casado,4,1,49019,80000,49907.84615384615,35116,1470.57,1.0181,0.439,0.03,MODERADO
147,49,m,casado,3,1,34748,30000,32774.2,15192,1042.44,0.9432,0.5064,0.03,RIESGOSO
148,64,f,soltero,1,1,61234,80000,34137.592307692306,17358,1837.02,0.5575,0.217,0.03,SALUDABLE
149,30,f,divorciado,4,0,79848,30000,49691.96153846154,7056,7984.8,0.6223,0.2352,0.1,SALUDABLE
150,67,m,divorciado,0,1,19773,80000,36125.5,31312,4350.06,1.827,0.3914,0.22,RIESGOSO
151,61,m,divorciado,3,1,55626,50000,35809.56923076923,19416,5562.6,0.6438,0.3883,0.1,SALUDABLE
152,40,f,casado,2,1,51276,80000,36303.730769230766,53234,1538.28,0.708,0.6654,0.03,MODERADO
153,38,m,casado,3,1,57291,120000,36948.67692307692,112651,5729.1,0.6449,0.9388,0.1,MODERADO
154,65,f,soltero,2,1,12506,120000,45014.02307692308,97005,1250.6,3.5994,0.8084,0.1,MODERADO
155,19,m,unión libre,3,0,16326,80000,51876.27692307692,2605,3591.72,3.1775,0.0326,0.22,RIESGOSO
156,44,m,casado,1,1,26928,30000,59274.65384615384,21422,2692.8,2.2012,0.7141,0.1,RIESGOSO
157,21,m,divorciado,4,1,22920,50000,56893.92307692308,41142,2292.0,2.4823,0.8228,0.1,RIESGOSO
158,48,f,soltero,2,0,47902,50000,41671.64615384615,26450,1437.06,0.8699,0.529,0.03,SALUDABLE
159,43,m,soltero,1,0,15108,30000,47866.34615384616,16456,1510.8,3.1683,0.5485,0.1,RIESGOSO
160,63,f,divorciado,4,0,47034,15000,39656.19230769231,5550,4703.4,0.8431,0.37,0.1,SALUDABLE
161,66,m,casado,1,0,43674,50000,46217.49230769231,14119,4367.4,1.0582,0.2824,0.1,SALUDABLE
162,21,m,unión libre,0,1,64713,80000,42223.8,45595,14236.86,0.6525,0.5699,0.22,SALUDABLE
163,68,f,unión libre,0,1,32454,120000,40572.43076923077,117282,3245.4,1.2502,0.9774,0.1,MODERADO
164,31,f,casado,3,1,19108,120000,48499.13846153846,8099,573.24,2.5382,0.0675,0.03,RIESGOSO
165,63,f,soltero,0,1,61319,30000,52661.45384615385,10318,1839.57,0.8588,0.3439,0.03,SALUDABLE
166,22,m,unión libre,1,0,43971,120000,46012.45384615385,84636,1319.13,1.0464,0.7053,0.03,MODERADO
167,30,m,soltero,0,1,18871,30000,39909.907692307694,2398,566.13,2.1149,0.0799,0.03,RIESGOSO
168,55,m,divorciado,1,1,8342,15000,37774.56923076923,13284,250.26,4.5282,0.8856,0.03,RIESGOSO
169,44,m,divorciado,4,1,11221,15000,55870.161538461536,11939,1122.1,4.9791,0.7959,0.1,RIESGOSO
170,31,f,divorciado,2,1,39501,30000,46391.04615384615,960,8690.22,1.1744,0.032,0.22,SALUDABLE
171,18,m,divorciado,4,0,18988,120000,37560.53846153846,109085,1898.8,1.9781,0.909,0.1,MODERADO
172,46,m,divorciado,3,1,22930,15000,43701.13076923077,5881,687.9,1.9058,0.3921,0.03,RIESGOSO
173,41,f,divorciado,1,1,20903,30000,51801.53076923077,17841,4598.66,2.4782,0.5947,0.22,RIESGOSO
174,49,f,casado,1,0,58989,30000,44997.28461538461,26295,12977.58,0.7628,0.8765,0.22,SALUDABLE
175,29,m,divorciado,2,1,9889,15000,54825.93076923077,14607,988.9,5.5441,0.9738,0.1,RIESGOSO
176,45,m,soltero,2,1,18752,15000,44445.95384615385,431,4125.44,2.3702,0.0287,0.22,RIESGOSO
177,63,m,divorciado,1,0,66523,50000,56443.18461538461,18346,14635.06,0.8485,0.3669,0.22,SALUDABLE
178,38,f,divorciado,1,1,30902,30000,47469.46153846153,2198,927.06,1.5361,0.0733,0.03,RIESGOSO
179,38,f,divorciado,3,0,48032,50000,56455.19230769231,19895,1440.96,1.1754,0.3979,0.03,RIESGOSO
180,37,m,soltero,2,1,14262,50000,38867.7923076923,15293,1426.2,2.7253,0.3059,0.1,RIESGOSO
181,48,f,divorciado,4,0,76144,50000,37633.08461538461,28566,7614.4,0.4942,0.5713,0.1,SALUDABLE
182,42,f,soltero,3,0,55401,50000,40979.42307692308,19856,5540.1,0.7397,0.3971,0.1,SALUDABLE
183,51,f,unión libre,0,1,28459,15000,56152.44615384616,12275,2845.9,1.9731,0.8183,0.1,RIESGOSO
184,44,f,soltero,3,0,20295,80000,53154.67692307692,19304,608.85,2.6191,0.2413,0.03,RIESGOSO
185,55,f,divorciado,2,1,42606,50000,45225.32307692307,7622,4260.6,1.0615,0.1524,0.1,SALUDABLE
186,34,f,unión libre,2,1,52648,30000,53894.8923076923,3494,1579.44,1.0237,0.1165,0.03,SALUDABLE
187,54,m,divorciado,4,1,74259,30000,47264.26923076923,19444,16336.98,0.6365,0.6481,0.22,SALUDABLE
188,65,f,divorciado,1,1,50525,15000,29223.746153846158,699,5052.5,0.5784,0.0466,0.1,SALUDABLE
189,33,f,soltero,2,0,48640,120000,38534.49230769231,33282,10700.8,0.7922,0.2774,0.22,SALUDABLE
190,47,m,soltero,4,0,14516,80000,50811.3,79122,1451.6,3.5004,0.989,0.1,MODERADO
191,43,f,soltero,4,0,31552,30000,51197.838461538464,18976,946.56,1.6226,0.6325,0.03,RIESGOSO
192,28,f,casado,3,0,58921,50000,51131.730769230766,1397,1767.63,0.8678,0.0279,0.03,SALUDABLE
193,65,m,unión libre,2,0,15177,50000,37563.26923076923,1563,1517.7,2.475,0.0313,0.1,RIESGOSO
194,32,m,divorciado,2,0,76123,15000,47040.69230769231,5250,7612.3,0.618,0.35,0.1,SALUDABLE
195,54,m,divorciado,4,0,11949,120000,41760.54615384615,14661,2628.78,3.4949,0.1222,0.22,RIESGOSO
196,51,f,soltero,0,1,30005,30000,43962.31538461538,3810,3000.5,1.4652,0.127,0.1,RIESGOSO
197,55,m,casado,1,0,73673,50000,27607.08461538461,18515,2210.19,0.3747,0.3703,0.03,SALUDABLE
198,19,m,unión libre,0,0,13068,15000,38137.369230769225,3394,1306.8,2.9184,0.2263,0.1,RIESGOSO
199,52,m,casado,0,1,57545,50000,45704.93846153846,30929,12659.9,0.7942,0.6186,0.22,SALUDABLE
200,62,f,soltero,4,1,61786,80000,45763.31538461538,67066,6178.6,0.7407,0.8383,0.1,MODERADO
201,22,f,casado,2,1,67843,50000,37235.8,27418,2035.29,0.5489,0.5484,0.03,SALUDABLE
202,69,f,divorciado,0,0,41382,50000,43289.415384615386,13956,4138.2,1.0461,0.2791,0.1,SALUDABLE
203,28,f,casado,2,0,16087,80000,54485.830769230764,69414,1608.7,3.3869,0.8677,0.1,MODERADO
204,55,f,divorciado,0,1,18041,50000,47519.68461538461,34028,1804.1,2.634,0.6806,0.1,RIESGOSO
205,34,m,unión libre,3,0,79309,15000,41407.41538461538,11579,7930.9,0.5221,0.7719,0.1,SALUDABLE
206,44,m,divorciado,1,1,48112,80000,45059.07692307692,76016,4811.2,0.9365,0.9502,0.1,MODERADO
207,24,m,soltero,1,1,9261,120000,42211.415384615386,110464,2037.42,4.558,0.9205,0.22,MODERADO
208,66,m,divorciado,3,1,78825,15000,44973.376923076925,14641,17341.5,0.5705,0.9761,0.22,SALUDABLE
209,70,m,unión libre,3,1,47340,50000,40822.053846153845,32358,4734.0,0.8623,0.6472,0.1,SALUDABLE
210,30,f,unión libre,0,1,52045,15000,50605.25384615384,9430,1561.35,0.9723,0.6287,0.03,SALUDABLE
211,61,f,divorciado,3,1,19216,120000,33291.95384615385,105699,1921.6,1.7325,0.8808,0.1,MODERADO
212,61,f,divorciado,4,0,47811,15000,35779.93076923077,12391,1434.33,0.7484,0.8261,0.03,SALUDABLE
213,32,m,casado,2,1,29578,120000,43298.73846153846,56640,6507.16,1.4639,0.472,0.22,MODERADO
214,48,f,unión libre,4,0,55301,120000,47430.7923076923,55724,1659.03,0.8577,0.4644,0.03,MODERADO
215,65,f,divorciado,3,1,41984,120000,48383.31538461538,82970,1259.52,1.1524,0.6914,0.03,MODERADO
216,56,f,soltero,1,0,73303,80000,50043.23846153846,65607,7330.3,0.6827,0.8201,0.1,MODERADO
217,35,f,unión libre,1,0,57118,15000,40964.661538461536,8778,1713.54,0.7172,0.5852,0.03,SALUDABLE
218,45,f,unión libre,4,0,57231,50000,38235.85384615385,8121,5723.1,0.6681,0.1624,0.1,SALUDABLE
219,69,m,soltero,4,0,47187,120000,49591.723076923074,91666,1415.61,1.051,0.7639,0.03,MODERADO
220,41,m,soltero,1,1,18855,120000,47441.27692307692,12148,1885.5,2.5161,0.1012,0.1,RIESGOSO
221,27,f,casado,3,1,62036,120000,40731.14615384615,102776,6203.6,0.6566,0.8565,0.1,MODERADO
222,54,m,soltero,3,0,14421,30000,45779.32307692307,4454,1442.1,3.1745,0.1485,0.1,RIESGOSO
223,68,m,unión libre,3,1,15271,50000,41617.94615384616,21342,3359.62,2.7253,0.4268,0.22,RIESGOSO
224,39,f,soltero,3,0,52228,80000,26391.115384615383,33173,5222.8,0.5053,0.4147,0.1,SALUDABLE
225,23,m,casado,0,0,49043,30000,46007.838461538464,27362,10789.46,0.9381,0.9121,0.22,SALUDABLE
226,70,m,soltero,2,0,54008,50000,39688.06923076923,6308,5400.8,0.7349,0.1262,0.1,SALUDABLE
227,58,f,soltero,1,0,38724,50000,48473.97692307692,24011,3872.4,1.2518,0.4802,0.1,SALUDABLE
228,27,f,casado,2,1,73216,15000,50544.66923076923,11398,2196.48,0.6904,0.7599,0.03,SALUDABLE
229,69,f,unión libre,0,1,74647,15000,56603.64615384615,9599,7464.7,0.7583,0.6399,0.1,SALUDABLE
230,70,f,casado,1,1,76161,30000,51859.06923076923,19920,7616.1,0.6809,0.664,0.1,SALUDABLE
231,53,f,unión libre,4,1,66526,50000,36803.88461538462,40671,1995.78,0.5532,0.8134,0.03,SALUDABLE
232,46,m,soltero,2,0,71989,50000,49702.69230769231,18593,2159.67,0.6904,0.3719,0.03,SALUDABLE
233,26,f,unión libre,1,1,21676,50000,49381.75384615384,4903,650.28,2.2782,0.0981,0.03,RIESGOSO
234,33,f,casado,1,1,70221,30000,43436.761538461535,16040,7022.1,0.6186,0.5347,0.1,SALUDABLE
235,35,f,casado,1,0,45623,80000,49246.43076923076,46361,4562.3,1.0794,0.5795,0.1,MODERADO
236,47,m,casado,1,1,40952,80000,38118.65384615384,54550,4095.2,0.9308,0.6819,0.1,MODERADO
237,59,m,divorciado,3,1,35861,30000,48956.65384615384,9634,7889.42,1.3652,0.3211,0.22,SALUDABLE
238,19,f,casado,3,0,17567,120000,33823.984615384616,78189,527.01,1.9254,0.6516,0.03,MODERADO
239,67,f,unión libre,4,1,42939,30000,51998.28461538461,22194,4293.9,1.211,0.7398,0.1,SALUDABLE
240,18,m,casado,0,1,13780,15000,35374.10769230769,14905,413.4,2.5671,0.9937,0.03,RIESGOSO
241,24,m,casado,2,1,46455,15000,61429.907692307694,8220,4645.5,1.3224,0.548,0.1,SALUDABLE
242,24,m,casado,3,0,49305,50000,36790.07692307692,13462,1479.15,0.7462,0.2692,0.03,SALUDABLE
243,25,f,divorciado,3,0,37951,80000,49140.95384615385,64237,1138.53,1.2949,0.803,0.03,MODERADO
244,63,f,unión libre,3,0,50582,30000,48726.9,22397,5058.2,0.9633,0.7466,0.1,SALUDABLE
245,52,f,unión libre,2,0,12451,120000,47152.32307692307,111518,373.53,3.787,0.9293,0.03,MODERADO
246,24,m,soltero,4,1,57540,80000,38242.93076923077,8871,5754.0,0.6646,0.1109,0.1,SALUDABLE
247,51,f,soltero,4,0,42902,120000,42887.06923076923,61885,4290.2,0.9997,0.5157,0.1,MODERADO
248,44,m,casado,0,0,31442,120000,33948.015384615384,36768,943.26,1.0797,0.3064,0.03,MODERADO
249,27,m,unión libre,0,0,8240,120000,43282.70769230769,40920,824.0,5.2528,0.341,0.1,RIESGOSO
250,35,m,casado,4,1,39275,15000,40406.415384615386,4047,8640.5,1.0288,0.2698,0.22,SALUDABLE
251,44,f,soltero,1,0,64014,30000,34183.1,13119,6401.4,0.534,0.4373,0.1,SALUDABLE
252,53,m,soltero,1,1,77996,120000,37667.32307692307,48107,17159.12,0.4829,0.4009,0.22,SALUDABLE
253,46,m,casado,3,1,21446,80000,47987.80769230769,56357,643.38,2.2376,0.7045,0.03,MODERADO
254,22,f,soltero,3,1,55609,15000,49729.62307692308,14188,5560.9,0.8943,0.9459,0.1,SALUDABLE
255,40,m,divorciado,1,1,32907,30000,44411.73846153846,25194,987.21,1.3496,0.8398,0.03,RIESGOSO
256,31,m,casado,1,1,24796,50000,37774.230769230766,32279,2479.6,1.5234,0.6456,0.1,RIESGOSO
257,23,f,divorciado,2,1,22113,50000,36610.99230769231,38187,2211.3,1.6556,0.7637,0.1,RIESGOSO
258,49,m,unión libre,0,1,20270,15000,55844.75384615384,10832,2027.0,2.755,0.7221,0.1,RIESGOSO
259,49,m,divorciado,4,1,73383,50000,42877.96153846154,27024,2201.49,0.5843,0.5405,0.03,SALUDABLE
260,41,f,soltero,4,0,79864,120000,47194.723076923074,109131,7986.4,0.5909,0.9094,0.1,MODERADO
261,66,m,soltero,2,0,59364,50000,34992.28461538461,40539,5936.4,0.5895,0.8108,0.1,SALUDABLE
262,19,f,divorciado,2,0,13517,15000,44024.161538461536,14281,2973.74,3.2569,0.9521,0.22,RIESGOSO
263,20,f,unión libre,0,1,32294,80000,47441.74615384615,34240,968.82,1.4691,0.428,0.03,RIESGOSO
264,48,f,soltero,2,0,47637,15000,48782.34615384615,14993,1429.11,1.024,0.9995,0.03,SALUDABLE
265,43,f,casado,3,1,55117,50000,38252.053846153845,42488,1653.51,0.694,0.8498,0.03,MODERADO
266,25,m,unión libre,4,1,55744,50000,40875.06153846154,27293,5574.4,0.7333,0.5459,0.1,SALUDABLE
267,66,m,soltero,3,1,49218,15000,45773.68461538461,7047,1476.54,0.93,0.4698,0.03,SALUDABLE
268,49,f,casado,1,0,49359,80000,34054.77692307692,30477,4935.9,0.6899,0.381,0.1,SALUDABLE
269,38,f,soltero,3,1,9999,15000,46600.2923076923,5257,2199.78,4.6605,0.3505,0.22,RIESGOSO
270,44,f,unión libre,0,0,14357,15000,55196.407692307694,11949,1435.7,3.8446,0.7966,0.1,RIESGOSO
271,44,f,divorciado,1,1,77616,15000,40740.03846153846,5269,2328.48,0.5249,0.3513,0.03,SALUDABLE
272,67,f,divorciado,2,1,78904,30000,55257.70769230769,21018,17358.88,0.7003,0.7006,0.22,SALUDABLE
273,56,f,divorciado,2,0,44922,15000,38031.13076923077,12184,4492.2,0.8466,0.8123,0.1,SALUDABLE
274,43,f,soltero,3,1,73566,80000,46946.66923076923,14369,7356.6,0.6382,0.1796,0.1,SALUDABLE
275,39,f,casado,0,0,62387,15000,52798.07692307692,12173,1871.61,0.8463,0.8115,0.03,SALUDABLE
276,49,f,soltero,2,1,16879,50000,41306.58461538461,28037,1687.9,2.4472,0.5607,0.1,RIESGOSO
277,41,m,divorciado,1,0,8416,120000,45968.7,66454,841.6,5.4621,0.5538,0.1,RIESGOSO
278,33,m,casado,4,1,26065,30000,40342.77692307692,11735,2606.5,1.5478,0.3912,0.1,RIESGOSO
279,66,m,soltero,0,1,43884,30000,47270.23846153846,670,9654.48,1.0772,0.0223,0.22,SALUDABLE
280,46,m,unión libre,0,1,25058,80000,47158.57692307692,28483,751.74,1.882,0.356,0.03,RIESGOSO
281,53,f,soltero,4,0,72639,80000,48425.730769230766,9759,15980.58,0.6667,0.122,0.22,SALUDABLE
282,29,f,unión libre,4,0,38714,15000,40688.415384615386,14298,3871.4,1.051,0.9532,0.1,SALUDABLE
283,65,f,casado,2,0,41416,120000,52505.01538461538,84873,4141.6,1.2677,0.7073,0.1,MODERADO
284,62,f,casado,3,0,38981,80000,46399.13846153846,77347,3898.1,1.1903,0.9668,0.1,MODERADO
285,57,f,unión libre,3,0,36469,15000,37549.82307692308,2148,3646.9,1.0296,0.1432,0.1,SALUDABLE
286,48,f,casado,1,0,49954,120000,29796.061538461538,2547,4995.4,0.5965,0.0212,0.1,SALUDABLE
287,30,f,divorciado,2,0,66861,30000,45963.33846153846,19447,2005.83,0.6874,0.6482,0.03,SALUDABLE
288,55,f,soltero,4,1,71574,50000,45740.09230769231,49775,7157.4,0.6391,0.9955,0.1,SALUDABLE
289,37,f,divorciado,4,0,61031,50000,45858.08461538461,28414,1830.93,0.7514,0.5683,0.03,SALUDABLE
290,24,m,soltero,4,0,63027,30000,38439.661538461536,9337,6302.7,0.6099,0.3112,0.1,SALUDABLE
291,18,f,soltero,2,1,15775,50000,49427.71538461538,20614,1577.5,3.1333,0.4123,0.1,RIESGOSO
292,25,m,divorciado,3,1,43328,120000,55060.80769230769,68276,4332.8,1.2708,0.569,0.1,MODERADO
293,26,f,soltero,2,0,49059,80000,37913.63076923077,42867,4905.9,0.7728,0.5358,0.1,MODERADO
294,35,m,soltero,2,1,10210,15000,32926.64615384615,9575,2246.2,3.2249,0.6383,0.22,RIESGOSO
295,66,f,divorciado,1,0,59745,120000,40932.7923076923,105574,5974.5,0.6851,0.8798,0.1,MODERADO
296,30,f,casado,0,1,79377,30000,33126.730769230766,853,7937.7,0.4173,0.0284,0.1,SALUDABLE
297,58,f,soltero,1,0,40657,80000,35974.97692307692,3949,1219.71,0.8848,0.0494,0.03,RIESGOSO
298,39,m,casado,4,1,59557,80000,41816.2,29221,1786.71,0.7021,0.3653,0.03,SALUDABLE
299,44,f,unión libre,1,1,49810,120000,45187.18461538461,59331,10958.2,0.9072,0.4944,0.22,MODERADO
300,58,f,soltero,4,1,63620,120000,39157.96923076923,95540,1908.6,0.6155,0.7962,0.03,MODERADO
301,62,f,unión libre,0,1,58546,30000,31026.60769230769,25072,1756.38,0.53,0.8357,0.03,SALUDABLE
302,46,m,soltero,4,0,53685,120000,42146.65384615384,40245,1610.55,0.7851,0.3354,0.03,MODERADO
303,51,f,soltero,0,1,55129,80000,40600.78461538461,27328,12128.38,0.7365,0.3416,0.22,SALUDABLE
304,33,f,soltero,1,1,32600,15000,44136.33846153846,11818,7172.0,1.3539,0.7879,0.22,SALUDABLE
305,46,f,soltero,4,1,14468,50000,39466.907692307694,37252,1446.8,2.7279,0.745,0.1,RIESGOSO
306,43,m,divorciado,2,0,41391,80000,46289.19230769231,24480,9106.02,1.1183,0.306,0.22,SALUDABLE
307,43,f,casado,3,0,77288,80000,36920.330769230764,29953,17003.36,0.4777,0.3744,0.22,SALUDABLE
308,69,m,casado,1,1,20692,80000,49456.053846153845,1262,2069.2,2.3901,0.0158,0.1,RIESGOSO
309,57,m,unión libre,4,1,75683,80000,35866.92307692308,2998,2270.49,0.4739,0.0375,0.03,SALUDABLE
310,48,f,divorciado,2,1,8019,30000,48557.230769230766,7353,240.57,6.0553,0.2451,0.03,RIESGOSO
311,46,m,divorciado,0,1,66080,15000,57885.66923076923,10450,1982.4,0.876,0.6967,0.03,SALUDABLE
312,33,m,unión libre,0,0,50825,50000,37878.28461538461,27527,5082.5,0.7453,0.5505,0.1,SALUDABLE
313,49,f,soltero,4,1,28338,15000,43038.95384615385,8312,6234.36,1.5188,0.5541,0.22,SALUDABLE
314,29,m,casado,3,1,21033,50000,43343.64615384615,15784,2103.3,2.0607,0.3157,0.1,RIESGOSO
315,20,f,soltero,0,1,73418,50000,43089.95384615385,3127,7341.8,0.5869,0.0625,0.1,SALUDABLE
316,58,f,unión libre,1,0,10583,15000,35889.192307692305,7945,317.49,3.3912,0.5297,0.03,RIESGOSO
317,49,f,casado,4,1,12322,15000,46063.4,7965,1232.2,3.7383,0.531,0.1,RIESGOSO
318,53,m,casado,1,1,19402,50000,41658.36923076923,9306,1940.2,2.1471,0.1861,0.1,RIESGOSO
319,59,f,unión libre,4,0,57688,80000,36125.2,76716,5768.8,0.6262,0.959,0.1,MODERADO
320,50,f,unión libre,3,0,62738,120000,56283.8,90005,13802.36,0.8971,0.75,0.22,MODERADO
321,50,m,unión libre,4,1,38863,15000,54093.984615384616,9940,3886.3,1.3919,0.6627,0.1,SALUDABLE
322,65,m,casado,2,0,13566,80000,45693.49230769231,14553,1356.6,3.3682,0.1819,0.1,RIESGOSO
323,61,f,unión libre,2,1,72394,120000,40981.38461538462,18507,2171.82,0.5661,0.1542,0.03,SALUDABLE
324,62,f,divorciado,0,1,36884,120000,35015.446153846155,92290,3688.4,0.9493,0.7691,0.1,MODERADO
325,53,f,casado,2,1,12565,50000,37576.11538461538,20370,376.95,2.9905,0.4074,0.03,RIESGOSO
326,65,m,casado,1,0,48008,50000,39062.95384615385,34017,1440.24,0.8137,0.6803,0.03,SALUDABLE
327,49,f,soltero,2,1,28978,50000,53052.16923076923,8823,2897.8,1.8308,0.1765,0.1,RIESGOSO
328,25,m,divorciado,1,1,46126,120000,37010.5,47179,1383.78,0.8024,0.3932,0.03,MODERADO
329,32,f,unión libre,1,0,65798,30000,50668.04615384615,8376,6579.8,0.7701,0.2792,0.1,SALUDABLE
330,35,m,divorciado,1,1,17303,15000,42012.915384615386,3462,1730.3,2.4281,0.2308,0.1,RIESGOSO
331,36,m,unión libre,1,1,36215,30000,37266.50769230769,12281,1086.45,1.029,0.4094,0.03,RIESGOSO
332,53,m,casado,1,0,48063,50000,43131.57692307692,47398,1441.89,0.8974,0.948,0.03,MODERADO
333,29,f,unión libre,2,1,11457,50000,35125.00769230769,9920,343.71,3.0658,0.1984,0.03,RIESGOSO
334,18,m,divorciado,4,1,46438,30000,47017.0,21844,4643.8,1.0125,0.7281,0.1,SALUDABLE
335,63,m,divorciado,0,0,74316,120000,54289.407692307694,75458,16349.52,0.7305,0.6288,0.22,MODERADO
336,31,f,divorciado,3,1,41544,50000,54620.36153846154,6223,1246.32,1.3148,0.1245,0.03,RIESGOSO
337,25,f,divorciado,1,0,70957,80000,43978.38461538461,79369,15610.54,0.6198,0.9921,0.22,MODERADO
338,29,f,divorciado,2,0,41906,15000,47887.053846153845,2263,1257.18,1.1427,0.1509,0.03,RIESGOSO
339,67,m,divorciado,3,0,35718,30000,44759.65384615384,19015,3571.8,1.2531,0.6338,0.1,SALUDABLE
340,59,m,casado,4,1,46177,15000,49885.47692307692,11549,10158.94,1.0803,0.7699,0.22,SALUDABLE
341,53,f,casado,4,0,50942,80000,34652.96153846154,48820,11207.24,0.6802,0.6102,0.22,SALUDABLE
342,51,f,unión libre,1,0,36241,50000,48290.61538461538,45627,3624.1,1.3325,0.9125,0.1,MODERADO
343,21,f,casado,1,1,13877,50000,46403.5,38347,416.31,3.3439,0.7669,0.03,RIESGOSO
344,20,m,soltero,1,0,21447,30000,44039.62307692308,6869,2144.7,2.0534,0.229,0.1,RIESGOSO
345,66,m,unión libre,4,1,68510,30000,39217.723076923074,25790,6851.0,0.5724,0.8597,0.1,SALUDABLE
346,40,f,casado,2,0,69235,15000,41600.8,8066,2077.05,0.6009,0.5377,0.03,SALUDABLE
347,30,f,unión libre,1,1,28026,15000,47758.5,3071,6165.72,1.7041,0.2047,0.22,SALUDABLE
348,39,f,unión libre,1,0,60813,30000,54397.39230769231,26871,1824.39,0.8945,0.8957,0.03,SALUDABLE
349,47,f,soltero,4,0,34051,120000,50128.45384615385,30087,3405.1,1.4722,0.2507,0.1,RIESGOSO
350,23,m,casado,0,1,10352,15000,34701.32307692308,8557,1035.2,3.3521,0.5705,0.1,RIESGOSO
351,61,m,divorciado,4,0,54860,50000,46468.28461538461,46354,5486.0,0.847,0.9271,0.1,MODERADO
352,42,f,unión libre,1,0,44344,15000,47973.1,12491,1330.32,1.0818,0.8327,0.03,SALUDABLE
353,38,m,divorciado,4,0,26294,15000,43721.4,13373,788.82,1.6628,0.8915,0.03,RIESGOSO
354,48,m,soltero,2,1,78524,30000,46951.36153846154,2528,7852.4,0.5979,0.0843,0.1,SALUDABLE
355,29,m,soltero,2,0,25204,30000,40681.30769230769,1393,2520.4,1.6141,0.0464,0.1,RIESGOSO
356,37,m,unión libre,0,0,59742,120000,44849.369230769225,84167,5974.2,0.7507,0.7014,0.1,MODERADO
357,29,m,divorciado,4,0,52345,50000,35610.35384615385,34649,5234.5,0.6803,0.693,0.1,SALUDABLE
358,37,f,soltero,4,0,46207,120000,39035.51538461538,60474,4620.7,0.8448,0.504,0.1,MODERADO
359,36,m,divorciado,2,1,8400,120000,44554.93846153846,116613,252.0,5.3042,0.9718,0.03,MODERADO
360,56,f,divorciado,2,0,34798,30000,37654.83846153846,14934,1043.94,1.0821,0.4978,0.03,RIESGOSO
361,43,m,divorciado,1,1,8512,30000,54983.16923076923,17143,851.2,6.4595,0.5714,0.1,RIESGOSO
362,52,f,soltero,2,0,32482,30000,47795.93076923077,21171,7146.04,1.4715,0.7057,0.22,SALUDABLE
363,55,m,casado,2,1,41628,120000,39873.06153846154,77919,1248.84,0.9578,0.6493,0.03,MODERADO
364,39,f,unión libre,2,1,30277,50000,44350.78461538461,9481,6660.94,1.4648,0.1896,0.22,SALUDABLE
365,36,m,soltero,3,0,47860,50000,45274.84615384616,45701,4786.0,0.946,0.914,0.1,MODERADO
366,35,m,casado,3,1,44913,80000,45485.06153846154,15107,9880.86,1.0127,0.1888,0.22,SALUDABLE
367,27,m,casado,2,0,73510,80000,48802.03076923077,53416,16172.2,0.6639,0.6677,0.22,SALUDABLE
368,47,m,soltero,3,1,9807,50000,47633.13076923077,45794,980.7,4.8571,0.9159,0.1,RIESGOSO
369,20,m,soltero,1,1,59037,120000,34279.35384615385,65747,1771.11,0.5806,0.5479,0.03,MODERADO
370,69,f,unión libre,1,0,52988,120000,41520.2,89509,11657.36,0.7836,0.7459,0.22,MODERADO
371,30,f,unión libre,1,0,40674,80000,48420.56153846154,28841,1220.22,1.1905,0.3605,0.03,RIESGOSO
372,59,f,unión libre,2,1,45171,50000,47824.65384615384,31602,9937.62,1.0587,0.632,0.22,SALUDABLE
373,48,m,unión libre,2,1,55936,50000,29852.76153846154,40972,1678.08,0.5337,0.8194,0.03,MODERADO
374,66,f,divorciado,4,1,21629,30000,46550.92307692308,13822,2162.9,2.1522,0.4607,0.1,RIESGOSO
375,48,m,divorciado,3,1,23237,80000,55800.50769230769,21917,697.11,2.4014,0.274,0.03,RIESGOSO
376,20,f,casado,0,1,59214,30000,33720.56923076923,15143,13027.08,0.5695,0.5048,0.22,SALUDABLE
377,42,m,casado,0,1,52293,50000,47236.61538461538,13374,1568.79,0.9033,0.2675,0.03,SALUDABLE
378,27,f,unión libre,3,0,73487,30000,45623.61538461538,8385,16167.14,0.6208,0.2795,0.22,SALUDABLE
379,64,m,soltero,2,0,27700,30000,41191.67692307692,21683,6094.0,1.4871,0.7228,0.22,SALUDABLE
380,60,f,soltero,1,1,79850,30000,45138.47692307692,7541,7985.0,0.5653,0.2514,0.1,SALUDABLE
381,32,f,unión libre,4,1,60219,120000,42105.56153846154,86878,1806.57,0.6992,0.724,0.03,MODERADO
382,19,m,casado,1,1,9898,50000,38052.82307692307,21043,2177.56,3.8445,0.4209,0.22,RIESGOSO
383,56,f,casado,0,0,57354,30000,45227.73846153846,13886,12617.88,0.7886,0.4629,0.22,SALUDABLE
384,20,f,soltero,4,0,55228,120000,34974.4,45850,1656.84,0.6333,0.3821,0.03,MODERADO
385,20,m,casado,1,1,43044,15000,46360.2,10993,4304.4,1.077,0.7329,0.1,SALUDABLE
386,70,f,soltero,2,0,75659,120000,46067.8,93112,2269.77,0.6089,0.7759,0.03,MODERADO
387,35,f,unión libre,3,0,55689,30000,47352.415384615386,20345,5568.9,0.8503,0.6782,0.1,SALUDABLE
388,41,f,soltero,2,0,44136,15000,43572.761538461535,11621,1324.08,0.9872,0.7747,0.03,SALUDABLE
389,19,m,divorciado,1,1,56593,80000,38040.50769230769,20002,1697.79,0.6722,0.25,0.03,SALUDABLE
390,25,f,unión libre,0,0,50927,30000,46112.723076923074,23192,1527.81,0.9055,0.7731,0.03,SALUDABLE
391,54,f,unión libre,0,1,25399,15000,51758.38461538461,9268,2539.9,2.0378,0.6179,0.1,RIESGOSO
392,31,m,casado,3,0,41516,120000,53055.71538461538,93502,4151.6,1.278,0.7792,0.1,MODERADO
393,61,m,casado,3,1,58740,30000,41428.86153846153,6608,5874.0,0.7053,0.2203,0.1,SALUDABLE
394,68,m,soltero,3,1,56743,80000,54046.984615384616,41197,5674.3,0.9525,0.515,0.1,SALUDABLE
395,64,f,divorciado,2,0,46915,50000,35565.984615384616,8881,4691.5,0.7581,0.1776,0.1,SALUDABLE
396,61,m,unión libre,0,0,37409,120000,34592.092307692306,70144,1122.27,0.9247,0.5845,0.03,MODERADO
397,38,f,soltero,3,0,70846,120000,38998.47692307692,20595,7084.6,0.5505,0.1716,0.1,SALUDABLE
398,39,m,soltero,3,1,78373,30000,45793.338461538464,12077,2351.19,0.5843,0.4026,0.03,SALUDABLE
399,22,m,divorciado,1,0,32876,120000,32352.56923076923,71242,3287.6,0.9841,0.5937,0.1,MODERADO
400,31,m,casado,0,0,37193,15000,44262.82307692308,4463,3719.3,1.1901,0.2975,0.1,SALUDABLE
401,34,f,unión libre,1,1,29372,50000,46729.70769230769,34964,2937.2,1.591,0.6993,0.1,RIESGOSO
402,30,m,casado,0,0,17752,15000,34203.84615384616,9098,532.56,1.9268,0.6065,0.03,RIESGOSO
403,35,m,casado,2,1,41902,120000,51201.484615384616,77678,4190.2,1.2219,0.6473,0.1,MODERADO
404,24,m,casado,4,1,29633,30000,58730.06153846154,10573,2963.3,1.9819,0.3524,0.1,RIESGOSO
405,57,f,divorciado,3,1,68034,15000,52860.56153846154,11400,14967.48,0.777,0.76,0.22,SALUDABLE
406,20,f,unión libre,2,0,80000,30000,53821.96153846154,16189,8000.0,0.6728,0.5396,0.1,SALUDABLE
407,31,f,soltero,4,0,19796,30000,46885.80769230769,23989,4355.12,2.3684,0.7996,0.22,RIESGOSO
408,39,m,unión libre,4,0,16283,15000,41300.43076923077,14162,3582.26,2.5364,0.9441,0.22,RIESGOSO
409,68,m,unión libre,3,1,58061,15000,55767.70769230769,4814,1741.83,0.9605,0.3209,0.03,SALUDABLE
410,58,m,unión libre,2,0,42686,15000,46200.13076923077,5996,4268.6,1.0823,0.3997,0.1,SALUDABLE
411,34,f,soltero,4,1,11821,80000,44482.907692307694,9825,2600.62,3.763,0.1228,0.22,RIESGOSO
412,68,m,casado,3,0,22750,15000,37657.84615384616,720,682.5,1.6553,0.048,0.03,RIESGOSO
413,24,m,divorciado,3,0,50488,120000,51218.11538461538,47642,11107.36,1.0145,0.397,0.22,SALUDABLE
414,50,f,divorciado,0,1,74209,30000,51228.7,28117,7420.9,0.6903,0.9372,0.1,SALUDABLE
415,51,f,soltero,1,0,32874,30000,36305.23846153846,353,3287.4,1.1044,0.0118,0.1,RIESGOSO
416,52,f,unión libre,2,1,39676,80000,44282.19230769231,59595,3967.6,1.1161,0.7449,0.1,MODERADO
417,33,f,soltero,1,1,24281,15000,53920.830769230764,2004,2428.1,2.2207,0.1336,0.1,RIESGOSO
418,62,m,soltero,0,0,32803,80000,45429.53076923077,17079,984.09,1.3849,0.2135,0.03,RIESGOSO
419,20,m,casado,0,1,19117,80000,38843.61538461538,12202,573.51,2.0319,0.1525,0.03,RIESGOSO
420,70,m,unión libre,2,0,43140,15000,37462.407692307694,2318,4314.0,0.8684,0.1545,0.1,SALUDABLE
421,27,f,divorciado,1,0,44470,120000,53546.63076923077,112460,4447.0,1.2041,0.9372,0.1,MODERADO
422,65,f,divorciado,3,1,38364,120000,32841.36923076923,7323,3836.4,0.856,0.061,0.1,SALUDABLE
423,38,f,unión libre,4,1,55214,120000,34438.869230769225,92853,12147.08,0.6237,0.7738,0.22,MODERADO
424,43,f,unión libre,1,0,14567,80000,32976.653846153844,52205,1456.7,2.2638,0.6526,0.1,RIESGOSO
425,28,m,unión libre,4,1,41292,30000,44771.53076923077,3194,1238.76,1.0843,0.1065,0.03,RIESGOSO
426,25,m,unión libre,2,1,18752,50000,56295.76923076923,18004,1875.2,3.0021,0.3601,0.1,RIESGOSO
427,42,m,unión libre,3,1,27947,15000,42645.16923076923,10294,2794.7,1.5259,0.6863,0.1,RIESGOSO
428,44,m,casado,3,1,29282,30000,34666.407692307694,12704,878.46,1.1839,0.4235,0.03,RIESGOSO
429,35,f,soltero,1,0,57501,120000,46855.34615384615,41218,12650.22,0.8149,0.3435,0.22,SALUDABLE
430,42,f,unión libre,0,0,8863,15000,37841.47692307692,11999,1949.86,4.2696,0.7999,0.22,RIESGOSO
431,24,m,soltero,2,1,22526,50000,45005.12307692308,8012,675.78,1.9979,0.1602,0.03,RIESGOSO
432,44,f,divorciado,0,1,8244,80000,37946.64615384615,67751,824.4,4.6029,0.8469,0.1,RIESGOSO
433,41,m,casado,3,1,10816,80000,51522.4,8873,1081.6,4.7635,0.1109,0.1,RIESGOSO
434,67,m,casado,2,0,37820,30000,43180.27692307692,13329,3782.0,1.1417,0.4443,0.1,SALUDABLE
435,59,m,soltero,3,1,37288,30000,46405.56923076923,12670,1118.64,1.2445,0.4223,0.03,RIESGOSO
436,19,f,unión libre,4,1,37930,120000,55930.20769230769,98183,3793.0,1.4746,0.8182,0.1,MODERADO
437,38,m,casado,3,0,41887,80000,43059.16923076923,23415,4188.7,1.028,0.2927,0.1,SALUDABLE
438,69,f,divorciado,3,0,46592,50000,42536.23846153846,29633,4659.2,0.913,0.5927,0.1,SALUDABLE
439,45,m,divorciado,1,0,35072,80000,56958.77692307692,54117,1052.16,1.6241,0.6765,0.03,MODERADO
440,51,f,soltero,1,1,77148,15000,49806.33846153846,9945,2314.44,0.6456,0.663,0.03,SALUDABLE
441,24,m,divorciado,4,0,44570,30000,60406.17692307692,21365,9805.4,1.3553,0.7122,0.22,SALUDABLE
442,29,f,unión libre,1,0,61142,50000,53959.63076923077,13286,6114.2,0.8825,0.2657,0.1,SALUDABLE
443,50,f,divorciado,0,1,10905,120000,37811.93076923077,104679,327.15,3.4674,0.8723,0.03,MODERADO
444,51,m,divorciado,4,0,27043,50000,41530.51538461538,39053,2704.3,1.5357,0.7811,0.1,RIESGOSO
445,42,m,divorciado,2,1,54729,120000,37467.25384615384,63349,12040.38,0.6846,0.5279,0.22,MODERADO
446,34,m,soltero,4,1,26421,120000,43962.27692307692,99593,5812.62,1.6639,0.8299,0.22,MODERADO
447,29,m,unión libre,3,0,33527,80000,39107.32307692307,12197,3352.7,1.1664,0.1525,0.1,RIESGOSO
448,55,f,casado,3,1,72314,50000,39893.96153846154,3859,7231.4,0.5517,0.0772,0.1,SALUDABLE
449,38,m,soltero,1,0,64888,80000,31569.992307692308,7498,14275.36,0.4865,0.0937,0.22,SALUDABLE
450,26,f,soltero,4,1,35120,15000,54447.13846153846,10475,1053.6,1.5503,0.6983,0.03,RIESGOSO
451,48,f,unión libre,1,1,38165,120000,46527.67692307692,8692,3816.5,1.2191,0.0724,0.1,RIESGOSO
452,31,m,divorciado,4,0,73140,15000,43140.28461538462,13771,7314.0,0.5898,0.9181,0.1,SALUDABLE
453,30,f,soltero,1,0,56942,50000,33778.88461538462,49806,12527.24,0.5932,0.9961,0.22,SALUDABLE
454,33,f,casado,0,0,79954,50000,40097.7,41138,7995.4,0.5015,0.8228,0.1,SALUDABLE
455,24,f,soltero,0,1,34387,80000,36465.61538461538,68825,7565.14,1.0604,0.8603,0.22,MODERADO
456,30,f,divorciado,0,1,22216,120000,47261.4,117474,666.48,2.1274,0.979,0.03,MODERADO
457,43,f,casado,0,0,8887,15000,42450.35384615385,6939,888.7,4.7767,0.4626,0.1,RIESGOSO
458,44,m,unión libre,1,0,74454,15000,54835.63076923077,5618,7445.4,0.7365,0.3745,0.1,SALUDABLE
459,32,m,divorciado,0,1,43087,80000,36672.97692307692,38125,4308.7,0.8511,0.4766,0.1,SALUDABLE
460,62,m,unión libre,1,1,43521,80000,49585.97692307692,57912,9574.62,1.1394,0.7239,0.22,MODERADO
461,29,f,casado,0,0,51393,30000,40499.93846153846,29562,5139.3,0.788,0.9854,0.1,SALUDABLE
462,25,m,unión libre,0,0,74278,50000,49033.7923076923,9091,7427.8,0.6601,0.1818,0.1,SALUDABLE
463,28,m,unión libre,4,1,27788,50000,45569.86153846154,1379,6113.36,1.6399,0.0276,0.22,SALUDABLE
464,54,m,unión libre,2,0,56395,80000,53476.99230769231,20643,1691.85,0.9483,0.258,0.03,SALUDABLE
465,50,m,divorciado,1,1,28952,120000,39487.338461538464,81404,2895.2,1.3639,0.6784,0.1,MODERADO
466,24,m,divorciado,2,0,50677,30000,51586.31538461538,11862,1520.31,1.0179,0.3954,0.03,SALUDABLE
467,49,m,casado,4,0,38456,15000,37926.87692307692,14209,3845.6,0.9862,0.9473,0.1,SALUDABLE
468,30,m,unión libre,2,1,8904,50000,44280.20769230769,14828,890.4,4.9731,0.2966,0.1,RIESGOSO
469,53,f,divorciado,3,0,61357,50000,40622.53076923077,4760,6135.7,0.6621,0.0952,0.1,SALUDABLE
470,45,f,unión libre,1,1,49242,50000,49433.66923076923,19495,1477.26,1.0039,0.3899,0.03,SALUDABLE
471,36,m,casado,2,1,75153,50000,35239.415384615386,14359,7515.3,0.4689,0.2872,0.1,SALUDABLE
472,27,m,soltero,1,1,54818,80000,53054.71538461538,77856,1644.54,0.9678,0.9732,0.03,MODERADO
473,38,m,divorciado,0,1,73584,50000,34218.692307692305,19049,7358.4,0.465,0.381,0.1,SALUDABLE
474,22,f,casado,3,1,14211,80000,54945.6,51354,426.33,3.8664,0.6419,0.03,RIESGOSO
475,38,f,divorciado,4,0,10560,50000,32673.50769230769,37920,1056.0,3.0941,0.7584,0.1,RIESGOSO
476,43,m,divorciado,0,0,64015,15000,50197.62307692308,3619,14083.3,0.7842,0.2413,0.22,SALUDABLE
477,21,f,casado,4,1,53387,30000,37264.86153846154,3231,5338.7,0.698,0.1077,0.1,SALUDABLE
478,67,m,soltero,3,1,68313,120000,36464.43076923077,96242,6831.3,0.5338,0.802,0.1,MODERADO
479,25,f,soltero,1,1,46184,30000,45787.7,18454,1385.52,0.9914,0.6151,0.03,SALUDABLE
480,66,f,casado,0,1,21183,80000,51672.51538461538,77109,635.49,2.4393,0.9639,0.03,MODERADO
481,43,m,casado,3,0,12390,120000,42261.68461538461,45716,371.7,3.411,0.381,0.03,RIESGOSO
482,22,f,divorciado,0,1,42928,120000,50505.2,44339,9444.16,1.1765,0.3695,0.22,MODERADO
483,48,m,divorciado,3,1,33199,120000,39761.85384615385,108000,7303.78,1.1977,0.9,0.22,MODERADO
484,51,f,divorciado,2,1,27920,50000,35052.74615384615,22269,6142.4,1.2555,0.4454,0.22,SALUDABLE
485,66,f,casado,0,0,42066,80000,31969.66923076923,64030,1261.98,0.76,0.8004,0.03,MODERADO
486,37,m,soltero,2,1,77322,15000,54864.86923076923,3971,17010.84,0.7096,0.2647,0.22,SALUDABLE
487,61,m,unión libre,1,1,43629,50000,44275.5,24215,4362.9,1.0148,0.4843,0.1,SALUDABLE
488,63,m,divorciado,4,0,27649,30000,50105.73846153846,12224,2764.9,1.8122,0.4075,0.1,RIESGOSO
489,62,f,casado,4,1,14478,120000,34728.7,118337,1447.8,2.3987,0.9861,0.1,MODERADO
490,26,f,casado,0,1,54615,15000,41153.85384615385,1919,5461.5,0.7535,0.1279,0.1,SALUDABLE
491,58,m,unión libre,1,0,30227,50000,40388.33846153846,44523,3022.7,1.3362,0.8905,0.1,MODERADO
492,26,f,divorciado,1,1,66511,50000,50948.52307692308,22752,14632.42,0.766,0.455,0.22,SALUDABLE
493,58,m,unión libre,0,1,28315,80000,42654.67692307692,36208,2831.5,1.5064,0.4526,0.1,RIESGOSO
494,53,f,soltero,0,0,10023,120000,36587.06923076923,12161,300.69,3.6503,0.1013,0.03,RIESGOSO
495,56,f,unión libre,2,0,59852,50000,36437.02307692308,1757,1795.56,0.6088,0.0351,0.03,SALUDABLE
496,38,f,divorciado,1,0,21948,15000,45389.6,2046,2194.8,2.0681,0.1364,0.1,RIESGOSO
497,68,f,soltero,0,1,20750,50000,42510.723076923074,5872,622.5,2.0487,0.1174,0.03,RIESGOSO
498,60,f,divorciado,1,0,57590,15000,55904.0,775,5759.0,0.9707,0.0517,0.1,SALUDABLE
499,50,f,soltero,2,0,77049,120000,55699.35384615384,64221,7704.9,0.7229,0.5352,0.1,MODERADO
500,25,m,soltero,3,1,8611,120000,46594.869230769225,5260,861.1,5.4111,0.0438,0.1,RIESGOSO
501,53,m,casado,0,1,48187,120000,51753.36923076923,101329,10601.14,1.074,0.8444,0.22,MODERADO
502,58,m,divorciado,1,1,12070,15000,44673.661538461536,9103,1207.0,3.7012,0.6069,0.1,RIESGOSO
503,25,m,divorciado,0,1,43241,30000,41133.376923076925,6537,9513.02,0.9513,0.2179,0.22,SALUDABLE
504,52,m,soltero,1,1,24820,80000,36187.60769230769,36391,2482.0,1.458,0.4549,0.1,RIESGOSO
505,62,f,divorciado,0,0,55193,30000,38148.93076923077,26678,5519.3,0.6912,0.8893,0.1,SALUDABLE
506,33,f,casado,1,0,35203,80000,51150.984615384616,76458,1056.09,1.453,0.9557,0.03,MODERADO
507,27,m,divorciado,0,0,22335,50000,44982.46923076923,46474,2233.5,2.014,0.9295,0.1,RIESGOSO
508,39,f,divorciado,1,1,24785,80000,58942.63076923077,35884,743.55,2.3782,0.4486,0.03,RIESGOSO
509,63,f,unión libre,2,0,9971,50000,46336.20769230769,23306,997.1,4.6471,0.4661,0.1,RIESGOSO
510,65,f,divorciado,0,1,40017,15000,55089.230769230766,2630,1200.51,1.3766,0.1753,0.03,RIESGOSO
511,20,f,unión libre,0,0,14422,120000,38671.57692307692,2332,3172.84,2.6814,0.0194,0.22,RIESGOSO
512,55,f,soltero,0,0,42208,50000,38195.876923076925,9951,4220.8,0.9049,0.199,0.1,SALUDABLE
513,57,f,soltero,4,0,63013,30000,45684.64615384615,19869,6301.3,0.725,0.6623,0.1,SALUDABLE
514,63,f,divorciado,4,0,46638,80000,48409.06923076923,65048,10260.36,1.038,0.8131,0.22,MODERADO
515,40,f,divorciado,1,0,47649,50000,28314.00769230769,47100,1429.47,0.5942,0.942,0.03,MODERADO
516,24,m,unión libre,2,0,34452,30000,46198.0,11147,3445.2,1.3409,0.3716,0.1,RIESGOSO
517,51,m,divorciado,1,1,70851,30000,53684.830769230764,26093,7085.1,0.7577,0.8698,0.1,SALUDABLE
518,70,m,soltero,0,0,14683,15000,36085.915384615386,13050,440.49,2.4577,0.87,0.03,RIESGOSO
519,67,m,casado,0,0,25820,15000,51172.7923076923,7526,774.6,1.9819,0.5017,0.03,RIESGOSO
520,45,m,divorciado,3,1,42904,80000,39277.57692307692,11817,1287.12,0.9155,0.1477,0.03,RIESGOSO
521,43,f,divorciado,1,1,79803,50000,35418.53846153846,25028,7980.3,0.4438,0.5006,0.1,SALUDABLE
522,56,m,soltero,4,1,9341,120000,44340.053846153845,9061,934.1,4.7468,0.0755,0.1,RIESGOSO
523,54,m,unión libre,2,0,31383,30000,45937.07692307692,5290,3138.3,1.4638,0.1763,0.1,RIESGOSO
524,47,f,soltero,0,1,74118,80000,32668.292307692307,75608,2223.54,0.4408,0.9451,0.03,MODERADO
525,34,m,divorciado,4,1,78996,50000,40687.42307692308,2231,7899.6,0.5151,0.0446,0.1,SALUDABLE
526,50,m,divorciado,4,1,58088,120000,41145.54615384615,91491,12779.36,0.7083,0.7624,0.22,MODERADO
527,62,m,unión libre,1,0,19881,30000,58248.40769230769,12255,4373.82,2.9299,0.4085,0.22,RIESGOSO
528,56,m,unión libre,2,1,57501,120000,40460.65384615384,288,5750.1,0.7037,0.0024,0.1,SALUDABLE
529,39,f,divorciado,0,0,44083,30000,29426.1,26982,4408.3,0.6675,0.8994,0.1,SALUDABLE
530,32,f,divorciado,2,0,21710,80000,31092.20769230769,73657,651.3,1.4322,0.9207,0.03,MODERADO
531,61,m,soltero,3,0,8090,50000,36953.21538461538,26034,809.0,4.5678,0.5207,0.1,RIESGOSO
532,54,m,unión libre,4,1,23633,15000,39261.23846153846,11640,708.99,1.6613,0.776,0.03,RIESGOSO
533,60,m,divorciado,2,1,8255,80000,43524.15384615384,44212,247.65,5.2725,0.5526,0.03,RIESGOSO
534,23,m,casado,4,0,36505,120000,40683.56153846154,65772,3650.5,1.1145,0.5481,0.1,MODERADO
535,63,m,casado,1,0,37818,120000,49232.46153846154,39290,3781.8,1.3018,0.3274,0.1,MODERADO
536,30,m,unión libre,4,1,57326,30000,39710.553846153845,15853,1719.78,0.6927,0.5284,0.03,SALUDABLE
537,55,m,casado,1,0,49939,15000,54719.484615384616,6874,10986.58,1.0957,0.4583,0.22,SALUDABLE
538,41,m,soltero,1,0,13023,15000,39068.04615384615,659,2865.06,2.9999,0.0439,0.22,RIESGOSO
539,20,f,divorciado,1,1,28110,120000,50999.64615384615,85050,6184.2,1.8143,0.7088,0.22,MODERADO
540,18,f,divorciado,1,1,71104,30000,46899.85384615384,2832,7110.4,0.6596,0.0944,0.1,SALUDABLE
541,30,m,soltero,1,1,27595,30000,47084.16923076923,17785,2759.5,1.7063,0.5928,0.1,RIESGOSO
542,44,m,unión libre,2,1,43743,50000,47899.60769230769,4825,9623.46,1.095,0.0965,0.22,SALUDABLE
543,29,m,casado,3,0,50869,120000,32654.7,118694,1526.07,0.6419,0.9891,0.03,MODERADO
544,23,f,soltero,3,0,45530,15000,51611.161538461536,14252,10016.6,1.1336,0.9501,0.22,SALUDABLE
545,52,m,unión libre,4,1,43674,80000,34417.77692307692,16736,4367.4,0.7881,0.2092,0.1,SALUDABLE
546,51,f,casado,0,1,51789,15000,50032.13846153846,6198,5178.9,0.9661,0.4132,0.1,SALUDABLE
547,25,m,divorciado,2,1,57677,120000,49500.81538461538,31062,5767.7,0.8582,0.2589,0.1,SALUDABLE
548,30,f,divorciado,1,0,47603,80000,50647.86153846153,53637,4760.3,1.064,0.6705,0.1,MODERADO
549,29,m,soltero,4,0,60483,50000,51776.161538461536,13789,13306.26,0.856,0.2758,0.22,SALUDABLE
550,52,f,unión libre,0,0,19148,30000,55190.39230769231,15887,1914.8,2.8823,0.5296,0.1,RIESGOSO
551,27,m,casado,3,1,60731,30000,37963.51538461538,14709,6073.1,0.6251,0.4903,0.1,SALUDABLE
552,42,f,soltero,1,0,51869,15000,52092.42307692308,222,11411.18,1.0043,0.0148,0.22,SALUDABLE
553,20,m,soltero,3,0,39177,120000,59091.31538461538,50070,1175.31,1.5083,0.4172,0.03,MODERADO
554,33,f,unión libre,0,1,12876,120000,42083.94615384616,73493,386.28,3.2684,0.6124,0.03,MODERADO
555,49,f,divorciado,1,1,37529,120000,49410.830769230764,61025,1125.87,1.3166,0.5085,0.03,MODERADO
556,35,f,soltero,0,1,28505,30000,54535.52307692308,28991,2850.5,1.9132,0.9664,0.1,RIESGOSO
557,69,f,casado,2,1,10260,80000,47879.376923076925,56241,2257.2,4.6666,0.703,0.22,RIESGOSO
558,61,f,casado,3,1,20954,120000,34686.03846153846,86088,4609.88,1.6553,0.7174,0.22,MODERADO
559,23,f,unión libre,2,0,73802,30000,42063.76923076923,24528,16236.44,0.57,0.8176,0.22,SALUDABLE
560,37,f,divorciado,4,1,54466,50000,44395.56153846154,40481,1633.98,0.8151,0.8096,0.03,MODERADO
561,37,m,unión libre,4,1,68611,15000,52785.11538461538,10038,15094.42,0.7693,0.6692,0.22,SALUDABLE
562,70,f,casado,3,0,37520,50000,54681.661538461536,13014,3752.0,1.4574,0.2603,0.1,RIESGOSO
563,64,f,divorciado,0,0,72132,50000,40788.46923076923,40850,15869.04,0.5655,0.817,0.22,SALUDABLE
564,40,m,unión libre,1,1,33587,30000,42988.92307692308,28154,7389.14,1.2799,0.9385,0.22,SALUDABLE
565,56,m,casado,2,1,21051,30000,55406.60769230769,25009,2105.1,2.632,0.8336,0.1,RIESGOSO
566,59,m,soltero,2,1,36932,15000,50339.07692307692,6191,8125.04,1.363,0.4127,0.22,SALUDABLE
567,67,f,casado,3,0,26911,120000,32036.515384615384,88501,5920.42,1.1905,0.7375,0.22,MODERADO
568,40,m,unión libre,2,1,52254,15000,49551.88461538462,7421,11495.88,0.9483,0.4947,0.22,SALUDABLE
569,65,f,divorciado,4,0,14332,120000,37801.43846153846,97376,1433.2,2.6376,0.8115,0.1,MODERADO
570,54,f,unión libre,3,1,40670,15000,49249.338461538464,10643,4067.0,1.211,0.7095,0.1,SALUDABLE
571,61,f,soltero,2,1,51115,80000,42583.6,11883,5111.5,0.8331,0.1485,0.1,SALUDABLE
572,26,m,soltero,1,1,55340,50000,37100.6,12778,12174.8,0.6704,0.2556,0.22,SALUDABLE
573,44,f,soltero,2,1,49846,80000,41390.19230769231,43100,10966.12,0.8304,0.5387,0.22,SALUDABLE
574,29,m,unión libre,1,1,75384,120000,48540.43076923077,103598,2261.52,0.6439,0.8633,0.03,MODERADO
575,46,f,soltero,2,1,78207,120000,38355.19230769231,74735,2346.21,0.4904,0.6228,0.03,MODERADO
576,48,f,divorciado,3,0,30661,50000,33266.60769230769,18455,919.83,1.085,0.3691,0.03,RIESGOSO
577,31,m,unión libre,2,0,40981,30000,43769.59230769231,9821,4098.1,1.068,0.3274,0.1,SALUDABLE
578,60,f,casado,0,1,70352,120000,41277.84615384616,41557,15477.44,0.5867,0.3463,0.22,SALUDABLE
579,50,m,divorciado,3,1,14702,50000,56265.66923076923,12247,1470.2,3.8271,0.2449,0.1,RIESGOSO
580,28,f,unión libre,2,0,30459,30000,37437.56923076923,23423,6700.98,1.2291,0.7808,0.22,SALUDABLE
581,46,f,divorciado,0,1,51113,120000,33845.83076923077,103274,11244.86,0.6622,0.8606,0.22,MODERADO
582,36,f,divorciado,0,0,17552,15000,55400.1,6845,1755.2,3.1563,0.4563,0.1,RIESGOSO
583,46,m,casado,0,0,35545,15000,48882.18461538461,6865,1066.35,1.3752,0.4577,0.03,RIESGOSO
584,46,m,divorciado,3,1,58756,120000,51195.907692307694,87094,1762.68,0.8713,0.7258,0.03,MODERADO
585,19,f,unión libre,3,1,72481,15000,41486.59230769231,4576,2174.43,0.5724,0.3051,0.03,SALUDABLE
586,57,f,unión libre,1,0,36179,50000,46458.43846153846,27519,3617.9,1.2841,0.5504,0.1,RIESGOSO
587,56,f,divorciado,4,1,53455,15000,39801.46153846154,13451,11760.1,0.7446,0.8967,0.22,SALUDABLE
588,46,m,divorciado,2,1,37369,50000,52332.13846153846,31006,3736.9,1.4004,0.6201,0.1,RIESGOSO
589,20,m,soltero,4,1,75377,80000,39566.96923076923,22002,2261.31,0.5249,0.275,0.03,SALUDABLE
590,45,f,soltero,3,0,56364,120000,59703.13846153846,26857,5636.4,1.0592,0.2238,0.1,SALUDABLE
591,21,m,soltero,0,1,14712,15000,52765.80769230769,3787,441.36,3.5866,0.2525,0.03,RIESGOSO
592,44,m,divorciado,2,1,28317,120000,46690.56153846154,45294,849.51,1.6489,0.3774,0.03,MODERADO
593,28,f,unión libre,3,1,50388,80000,57281.06923076923,50971,1511.64,1.1368,0.6371,0.03,MODERADO
594,39,f,divorciado,3,1,62200,15000,57433.60769230769,1340,6220.0,0.9234,0.0893,0.1,SALUDABLE
595,41,m,soltero,4,0,24036,15000,35817.50769230769,14753,5287.92,1.4902,0.9835,0.22,SALUDABLE
596,32,m,unión libre,1,1,58404,120000,37714.761538461535,119760,1752.12,0.6458,0.998,0.03,MODERADO
597,39,f,divorciado,3,0,54159,80000,46759.83076923077,37779,11914.98,0.8634,0.4722,0.22,SALUDABLE
598,27,f,divorciado,4,0,71017,50000,45173.12307692308,27110,7101.7,0.6361,0.5422,0.1,SALUDABLE
599,58,f,casado,4,0,29948,80000,54294.33076923077,43676,2994.8,1.813,0.546,0.1,RIESGOSO
600,66,f,divorciado,0,1,69980,120000,47519.5,35636,6998.0,0.679,0.297,0.1,SALUDABLE
601,41,f,casado,0,0,54845,120000,44301.64615384615,69677,5484.5,0.8078,0.5806,0.1,MODERADO
602,70,m,unión libre,3,1,17270,120000,54767.86923076923,115205,518.1,3.1713,0.96,0.03,MODERADO
603,46,f,soltero,3,1,10174,80000,40176.31538461538,38387,305.22,3.9489,0.4798,0.03,RIESGOSO
604,29,m,casado,2,1,43099,30000,51217.73846153846,11789,1292.97,1.1884,0.393,0.03,RIESGOSO
605,19,f,unión libre,1,1,38546,30000,39397.26923076923,2591,8480.12,1.0221,0.0864,0.22,SALUDABLE
606,43,m,casado,4,0,55099,50000,35582.36153846154,15360,5509.9,0.6458,0.3072,0.1,SALUDABLE
607,20,f,soltero,2,1,43598,80000,49896.17692307692,4260,9591.56,1.1445,0.0532,0.22,SALUDABLE
608,55,f,unión libre,3,0,61663,120000,33204.730769230766,14606,6166.3,0.5385,0.1217,0.1,SALUDABLE
609,32,m,casado,0,1,12392,120000,45412.95384615385,5687,1239.2,3.6647,0.0474,0.1,RIESGOSO
610,45,f,unión libre,2,0,69275,15000,36391.00769230769,9833,6927.5,0.5253,0.6555,0.1,SALUDABLE
611,42,f,casado,2,1,17351,120000,46650.03846153846,22256,3817.22,2.6886,0.1855,0.22,RIESGOSO
612,44,m,casado,2,0,39230,120000,39929.94615384616,115151,8630.6,1.0178,0.9596,0.22,MODERADO
613,26,f,soltero,4,0,40720,15000,53601.915384615386,9848,1221.6,1.3164,0.6565,0.03,RIESGOSO
614,57,m,casado,3,0,64693,50000,56628.13076923077,24557,6469.3,0.8753,0.4911,0.1,SALUDABLE
615,52,m,unión libre,0,1,28521,80000,50921.08461538461,66677,2852.1,1.7854,0.8335,0.1,MODERADO
616,30,f,unión libre,1,1,14989,120000,37406.730769230766,52799,1498.9,2.4956,0.44,0.1,MODERADO
617,55,f,divorciado,1,0,42319,15000,51257.09230769231,7577,1269.57,1.2112,0.5051,0.03,RIESGOSO
618,66,m,casado,0,0,29033,50000,50661.02307692308,19456,870.99,1.7449,0.3891,0.03,RIESGOSO
619,42,f,soltero,3,1,11703,30000,49182.0,29201,1170.3,4.2025,0.9734,0.1,RIESGOSO
620,40,f,casado,1,1,28043,50000,44408.66923076923,11947,2804.3,1.5836,0.2389,0.1,RIESGOSO
621,47,m,casado,2,1,58141,80000,49617.42307692308,78713,12791.02,0.8534,0.9839,0.22,MODERADO
622,63,m,divorciado,0,0,51662,50000,57198.03846153846,11859,5166.2,1.1072,0.2372,0.1,SALUDABLE
623,68,m,divorciado,3,1,52562,15000,45351.52307692308,10755,5256.2,0.8628,0.717,0.1,SALUDABLE
624,68,f,soltero,3,0,22885,120000,51524.89230769231,20710,2288.5,2.2515,0.1726,0.1,RIESGOSO
625,23,m,soltero,1,0,43117,120000,47213.415384615386,78929,1293.51,1.095,0.6577,0.03,MODERADO
626,49,m,casado,0,1,26811,15000,37014.03846153846,6896,804.33,1.3806,0.4597,0.03,RIESGOSO
627,40,f,unión libre,4,0,57385,15000,51917.96923076923,10979,5738.5,0.9047,0.7319,0.1,SALUDABLE
628,63,m,unión libre,0,0,56778,120000,43061.3,50606,1703.34,0.7584,0.4217,0.03,MODERADO
629,27,m,unión libre,2,1,72957,80000,41959.71538461538,66325,2188.71,0.5751,0.8291,0.03,MODERADO
630,19,m,casado,4,1,73771,30000,36528.68461538461,1939,7377.1,0.4952,0.0646,0.1,SALUDABLE
631,70,f,divorciado,3,1,50243,15000,46057.25384615384,6483,5024.3,0.9167,0.4322,0.1,SALUDABLE
632,58,m,casado,1,0,10578,15000,43277.45384615385,2851,2327.16,4.0913,0.1901,0.22,RIESGOSO
633,58,m,soltero,1,1,79969,30000,41508.723076923074,25041,2399.07,0.5191,0.8347,0.03,SALUDABLE
634,70,f,soltero,4,0,72789,80000,42555.56153846154,41428,7278.9,0.5846,0.5178,0.1,SALUDABLE
635,28,m,soltero,1,1,72699,80000,54877.830769230764,40269,2180.97,0.7549,0.5034,0.03,SALUDABLE
636,36,m,soltero,1,0,56231,50000,36818.21538461538,812,5623.1,0.6548,0.0162,0.1,SALUDABLE
637,66,m,casado,2,0,11675,50000,47427.18461538461,8022,350.25,4.0623,0.1604,0.03,RIESGOSO
638,65,f,unión libre,2,1,60518,80000,55943.58461538461,23367,6051.8,0.9244,0.2921,0.1,SALUDABLE
639,23,f,unión libre,2,0,70684,50000,50044.95384615385,7383,7068.4,0.708,0.1477,0.1,SALUDABLE
640,31,m,divorciado,3,1,53115,80000,43556.88461538462,23844,1593.45,0.82,0.298,0.03,SALUDABLE
641,55,f,divorciado,3,1,45783,120000,53383.81538461538,54136,4578.3,1.166,0.4511,0.1,MODERADO
642,29,m,divorciado,3,1,68601,15000,42872.6,10445,6860.1,0.625,0.6963,0.1,SALUDABLE
643,70,f,unión libre,4,0,46139,120000,40270.3,58708,10150.58,0.8728,0.4892,0.22,MODERADO
644,30,f,soltero,0,1,9309,15000,42523.52307692308,9824,279.27,4.568,0.6549,0.03,RIESGOSO
645,30,m,unión libre,2,1,65063,15000,38773.67692307692,1840,1951.89,0.5959,0.1227,0.03,SALUDABLE
646,49,m,casado,2,1,75484,15000,60252.369230769225,7905,2264.52,0.7982,0.527,0.03,SALUDABLE
647,68,f,divorciado,3,0,33208,80000,36125.36923076923,31903,3320.8,1.0879,0.3988,0.1,RIESGOSO
648,30,f,casado,1,1,52237,120000,51973.376923076925,72650,1567.11,0.995,0.6054,0.03,MODERADO
649,30,f,casado,3,1,58224,120000,34402.21538461538,12769,5822.4,0.5909,0.1064,0.1,SALUDABLE
650,55,f,casado,4,0,71870,50000,42665.65384615384,2720,7187.0,0.5937,0.0544,0.1,SALUDABLE
651,33,f,divorciado,2,0,66532,15000,39432.71538461538,4659,6653.2,0.5927,0.3106,0.1,SALUDABLE
652,65,m,divorciado,1,1,74024,50000,39793.553846153845,18966,7402.4,0.5376,0.3793,0.1,SALUDABLE
653,32,m,soltero,4,0,78630,50000,45239.10769230769,44212,2358.9,0.5753,0.8842,0.03,SALUDABLE
654,21,f,divorciado,0,1,47712,30000,60914.8,18488,10496.64,1.2767,0.6163,0.22,SALUDABLE
655,19,m,casado,4,0,15159,80000,56178.70769230769,57783,454.77,3.706,0.7223,0.03,RIESGOSO
656,26,m,soltero,2,0,19306,15000,33277.46153846154,11135,1930.6,1.7237,0.7423,0.1,RIESGOSO
657,39,m,divorciado,1,1,61992,30000,36662.1,6707,1859.76,0.5914,0.2236,0.03,SALUDABLE
658,23,f,soltero,2,1,11953,120000,47490.13076923077,117079,358.59,3.9731,0.9757,0.03,MODERADO
659,61,m,soltero,0,0,32964,80000,51004.415384615386,6234,988.92,1.5473,0.0779,0.03,RIESGOSO
660,63,f,soltero,1,0,67492,50000,34711.93076923077,22202,2024.76,0.5143,0.444,0.03,SALUDABLE
661,37,f,unión libre,4,1,26564,15000,44491.16923076923,11038,2656.4,1.6749,0.7359,0.1,RIESGOSO
662,45,f,soltero,3,1,49738,30000,42080.70769230769,27078,1492.14,0.846,0.9026,0.03,SALUDABLE
663,66,f,soltero,3,0,72903,30000,43798.67692307692,26206,2187.09,0.6008,0.8735,0.03,SALUDABLE
664,64,m,casado,1,0,10076,120000,53295.93076923077,69881,2216.72,5.2894,0.5823,0.22,RIESGOSO
665,21,m,soltero,1,0,56859,30000,42035.661538461536,2415,12508.98,0.7393,0.0805,0.22,SALUDABLE
666,29,f,divorciado,4,1,61274,30000,48538.20769230769,21649,6127.4,0.7922,0.7216,0.1,SALUDABLE
667,67,m,soltero,1,0,72654,120000,36779.63076923077,44057,7265.4,0.5062,0.3671,0.1,SALUDABLE
668,33,m,casado,2,1,69887,15000,51104.7923076923,1668,6988.7,0.7312,0.1112,0.1,SALUDABLE
669,42,m,soltero,3,0,10231,15000,37145.93846153846,2615,1023.1,3.6307,0.1743,0.1,RIESGOSO
670,40,m,unión libre,3,1,66465,30000,40366.85384615385,7915,6646.5,0.6073,0.2638,0.1,SALUDABLE
671,60,m,soltero,0,1,65864,120000,37364.62307692308,107038,6586.4,0.5673,0.892,0.1,MODERADO
672,39,m,divorciado,0,0,32647,30000,40770.20769230769,19484,3264.7,1.2488,0.6495,0.1,RIESGOSO
673,20,f,soltero,0,0,50822,15000,40770.338461538464,8148,5082.2,0.8022,0.5432,0.1,SALUDABLE
674,21,m,casado,3,1,60221,15000,53801.915384615386,14495,13248.62,0.8934,0.9663,0.22,SALUDABLE
675,61,f,soltero,3,1,28154,120000,43362.24615384615,54863,2815.4,1.5402,0.4572,0.1,MODERADO
676,48,f,divorciado,0,0,37901,30000,52002.53846153846,29146,3790.1,1.3721,0.9715,0.1,SALUDABLE
677,38,f,unión libre,2,1,9647,50000,36804.6,5512,964.7,3.8151,0.1102,0.1,RIESGOSO
678,57,m,soltero,3,0,16006,80000,44651.06923076923,25377,480.18,2.7896,0.3172,0.03,RIESGOSO
679,49,m,divorciado,2,1,17437,120000,52194.02307692308,25474,1743.7,2.9933,0.2123,0.1,RIESGOSO
680,26,f,unión libre,1,0,52502,80000,41850.00769230769,27544,5250.2,0.7971,0.3443,0.1,SALUDABLE
681,53,f,casado,4,1,70830,120000,51874.56923076923,89259,2124.9,0.7324,0.7438,0.03,MODERADO
682,21,m,divorciado,4,0,55716,50000,51194.96153846154,17976,12257.52,0.9189,0.3595,0.22,SALUDABLE
683,26,m,casado,0,1,51525,15000,30296.6,13668,5152.5,0.588,0.9112,0.1,SALUDABLE
684,49,m,soltero,3,1,45108,80000,47544.36923076923,40148,1353.24,1.054,0.5018,0.03,MODERADO
685,21,f,soltero,1,0,64911,120000,43606.44615384616,20566,14280.42,0.6718,0.1714,0.22,SALUDABLE
686,29,f,unión libre,1,1,64890,15000,41367.330769230764,282,6489.0,0.6375,0.0188,0.1,SALUDABLE
687,59,m,unión libre,2,0,31218,50000,39384.93076923077,37381,6867.96,1.2616,0.7476,0.22,SALUDABLE
688,23,f,casado,3,0,73942,15000,37836.5,5558,2218.26,0.5117,0.3705,0.03,SALUDABLE
689,60,f,soltero,4,1,18362,15000,54075.63846153846,11290,550.86,2.945,0.7527,0.03,RIESGOSO
690,64,f,soltero,3,1,76251,50000,46543.723076923074,7012,7625.1,0.6104,0.1402,0.1,SALUDABLE
691,61,m,unión libre,2,0,29075,120000,39858.223076923074,38055,872.25,1.3709,0.3171,0.03,MODERADO
692,48,m,casado,3,1,64446,15000,47650.484615384616,1807,6444.6,0.7394,0.1205,0.1,SALUDABLE
693,28,m,casado,3,1,20220,80000,48449.12307692308,36884,2022.0,2.3961,0.461,0.1,RIESGOSO
694,27,m,divorciado,4,0,20947,15000,38455.415384615386,2756,628.41,1.8358,0.1837,0.03,RIESGOSO
695,34,f,unión libre,0,0,35249,50000,46969.57692307692,19349,3524.9,1.3325,0.387,0.1,RIESGOSO
696,41,m,casado,2,0,40834,30000,42428.51538461538,25401,1225.02,1.039,0.8467,0.03,RIESGOSO
697,34,f,unión libre,2,0,20130,120000,49722.78461538461,6001,2013.0,2.4701,0.05,0.1,RIESGOSO
698,60,m,soltero,4,1,56682,15000,33889.53846153846,577,12470.04,0.5979,0.0385,0.22,SALUDABLE
699,19,m,casado,0,1,28261,80000,38613.65384615384,7598,847.83,1.3663,0.095,0.03,RIESGOSO
700,31,f,unión libre,4,1,40013,30000,51538.14615384615,22481,4001.3,1.288,0.7494,0.1,SALUDABLE
701,68,m,soltero,4,0,23178,80000,34292.730769230766,55634,5099.16,1.4795,0.6954,0.22,MODERADO
702,52,m,soltero,2,1,24371,15000,52037.02307692308,9555,731.13,2.1352,0.637,0.03,RIESGOSO
703,30,f,divorciado,4,0,60387,15000,39723.1,6373,6038.7,0.6578,0.4249,0.1,SALUDABLE
704,44,f,divorciado,4,0,37214,120000,41877.74615384615,65501,3721.4,1.1253,0.5458,0.1,MODERADO
705,31,m,unión libre,0,0,71879,15000,35797.63076923077,14009,7187.9,0.498,0.9339,0.1,SALUDABLE
706,48,f,unión libre,1,1,18259,30000,45244.261538461535,10127,547.77,2.4779,0.3376,0.03,RIESGOSO
707,57,f,soltero,1,1,45857,50000,39837.26923076923,32116,4585.7,0.8687,0.6423,0.1,SALUDABLE
708,62,m,casado,2,1,25821,15000,40891.81538461539,14144,2582.1,1.5837,0.9429,0.1,RIESGOSO
709,57,f,unión libre,3,1,55703,120000,37006.61538461538,57160,12254.66,0.6644,0.4763,0.22,MODERADO
710,52,f,divorciado,4,0,30479,120000,44353.08461538461,102533,914.37,1.4552,0.8544,0.03,MODERADO
711,25,m,divorciado,4,0,50463,50000,43067.52307692308,16411,5046.3,0.8534,0.3282,0.1,SALUDABLE
712,28,f,soltero,2,1,11795,30000,38528.661538461536,1866,1179.5,3.2665,0.0622,0.1,RIESGOSO
713,41,f,casado,3,1,70943,50000,39842.92307692308,7331,2128.29,0.5616,0.1466,0.03,SALUDABLE
714,67,f,casado,2,0,73583,50000,40848.23846153846,36914,16188.26,0.5551,0.7383,0.22,SALUDABLE
715,47,f,unión libre,0,0,32961,30000,41774.76923076923,9299,988.83,1.2674,0.31,0.03,RIESGOSO
716,29,m,divorciado,3,0,20605,120000,38234.75384615384,99955,618.15,1.8556,0.833,0.03,MODERADO
717,51,f,soltero,0,0,67372,50000,52006.907692307694,7031,14821.84,0.7719,0.1406,0.22,SALUDABLE
718,57,f,divorciado,3,1,19746,50000,44823.553846153845,11944,1974.6,2.27,0.2389,0.1,RIESGOSO
719,39,m,divorciado,4,0,13383,15000,54338.16923076923,4972,1338.3,4.0602,0.3315,0.1,RIESGOSO
720,47,m,divorciado,0,0,77078,30000,45007.89230769231,5324,7707.8,0.5839,0.1775,0.1,SALUDABLE
721,47,f,soltero,3,0,61994,15000,33406.376923076925,4749,1859.82,0.5389,0.3166,0.03,SALUDABLE
722,33,m,casado,2,0,56331,120000,34537.376923076925,13785,5633.1,0.6131,0.1149,0.1,SALUDABLE
723,47,m,casado,4,1,26333,15000,41316.3,3252,789.99,1.569,0.2168,0.03,RIESGOSO
724,55,m,soltero,4,1,21235,15000,40602.16923076923,10124,4671.7,1.912,0.6749,0.22,RIESGOSO
725,29,f,divorciado,0,0,36731,30000,44147.96153846154,7787,3673.1,1.2019,0.2596,0.1,SALUDABLE
726,31,m,unión libre,1,0,59172,50000,55403.92307692307,32265,1775.16,0.9363,0.6453,0.03,SALUDABLE
727,68,m,unión libre,2,0,20462,15000,45851.52307692308,2755,2046.2,2.2408,0.1837,0.1,RIESGOSO
728,33,m,divorciado,1,1,9407,30000,50344.39230769231,15469,940.7,5.3518,0.5156,0.1,RIESGOSO
729,44,f,soltero,3,0,65407,50000,43374.28461538461,25921,6540.7,0.6631,0.5184,0.1,SALUDABLE
730,29,f,casado,1,1,40916,120000,45308.04615384615,17938,4091.6,1.1073,0.1495,0.1,SALUDABLE
731,33,m,casado,1,1,47134,50000,38473.13846153846,4331,4713.4,0.8163,0.0866,0.1,SALUDABLE
732,19,f,unión libre,1,1,51809,15000,46406.85384615384,2158,5180.9,0.8957,0.1439,0.1,SALUDABLE
733,25,m,casado,0,0,20651,30000,48558.83846153846,10406,2065.1,2.3514,0.3469,0.1,RIESGOSO
734,67,f,soltero,1,1,78238,30000,54848.415384615386,16212,2347.14,0.701,0.5404,0.03,SALUDABLE
735,19,m,unión libre,4,1,63110,50000,37818.661538461536,25333,1893.3,0.5992,0.5067,0.03,SALUDABLE
736,43,m,soltero,2,0,16404,50000,42161.61538461538,12739,492.12,2.5702,0.2548,0.03,RIESGOSO
737,39,m,divorciado,2,1,34338,120000,37298.57692307692,106921,7554.36,1.0862,0.891,0.22,MODERADO
738,50,f,soltero,2,0,22146,80000,34230.446153846155,35787,4872.12,1.5457,0.4473,0.22,RIESGOSO
739,41,f,soltero,2,0,27624,30000,45628.12307692308,9895,828.72,1.6518,0.3298,0.03,RIESGOSO
740,19,m,divorciado,0,0,79767,120000,42794.36153846154,5041,17548.74,0.5365,0.042,0.22,SALUDABLE
741,55,f,soltero,2,1,68690,80000,57711.21538461538,46441,2060.7,0.8402,0.5805,0.03,MODERADO
742,48,f,casado,1,0,16486,120000,35054.54615384615,43895,494.58,2.1263,0.3658,0.03,RIESGOSO
743,33,m,soltero,3,0,44078,120000,33624.015384615384,52743,4407.8,0.7628,0.4395,0.1,MODERADO
744,32,m,unión libre,2,1,60026,80000,37985.08461538461,58454,6002.6,0.6328,0.7307,0.1,MODERADO
745,24,m,divorciado,4,0,37221,80000,51811.02307692308,14163,3722.1,1.392,0.177,0.1,RIESGOSO
746,28,m,divorciado,4,1,52554,120000,44867.915384615386,13075,1576.62,0.8537,0.109,0.03,SALUDABLE
747,70,f,casado,2,0,59864,80000,34379.31538461539,59419,5986.4,0.5743,0.7427,0.1,MODERADO
748,58,f,casado,2,0,62916,30000,45596.44615384616,1107,1887.48,0.7247,0.0369,0.03,SALUDABLE
749,65,m,divorciado,3,1,73262,15000,49307.36153846153,10391,7326.2,0.673,0.6927,0.1,SALUDABLE
750,42,m,divorciado,0,0,24721,50000,46116.34615384615,44084,741.63,1.8655,0.8817,0.03,RIESGOSO
751,46,f,soltero,3,0,72825,50000,50674.35384615384,1920,7282.5,0.6958,0.0384,0.1,SALUDABLE
752,57,m,soltero,0,0,28158,30000,46900.30769230769,20074,2815.8,1.6656,0.6691,0.1,RIESGOSO
753,31,f,casado,1,0,74494,120000,44864.03076923077,68398,2234.82,0.6023,0.57,0.03,MODERADO
754,58,m,casado,3,1,57857,50000,46751.36153846154,49537,12728.54,0.8081,0.9907,0.22,SALUDABLE
755,32,f,divorciado,0,1,50715,15000,32704.25384615385,869,5071.5,0.6449,0.0579,0.1,SALUDABLE
756,62,m,soltero,3,0,14506,50000,40322.330769230764,34509,435.18,2.7797,0.6902,0.03,RIESGOSO
757,31,f,casado,0,0,33995,30000,54387.14615384615,4602,7478.9,1.5999,0.1534,0.22,SALUDABLE
758,18,f,casado,1,0,50334,30000,31566.792307692307,7817,5033.4,0.6271,0.2606,0.1,SALUDABLE
759,48,m,divorciado,1,0,30983,80000,48077.24615384615,34581,3098.3,1.5517,0.4323,0.1,RIESGOSO
760,66,f,casado,4,0,8976,120000,46957.37692307692,22938,897.6,5.2314,0.1911,0.1,RIESGOSO
761,62,m,soltero,2,1,16123,50000,49094.51538461538,11916,1612.3,3.045,0.2383,0.1,RIESGOSO
762,36,f,unión libre,3,0,38717,30000,49221.761538461535,9403,1161.51,1.2713,0.3134,0.03,RIESGOSO
763,31,f,casado,3,1,15672,120000,42290.5,94099,3447.84,2.6985,0.7842,0.22,MODERADO
764,45,f,soltero,4,1,79888,50000,39337.2923076923,44825,17575.36,0.4924,0.8965,0.22,SALUDABLE
765,28,m,divorciado,3,1,23567,50000,39598.96153846154,46047,707.01,1.6803,0.9209,0.03,MODERADO
766,39,m,casado,1,1,31807,30000,35752.42307692308,11087,954.21,1.124,0.3696,0.03,RIESGOSO
767,49,f,divorciado,3,1,23011,30000,35228.553846153845,13428,2301.1,1.5309,0.4476,0.1,RIESGOSO
768,23,f,soltero,3,0,73517,30000,55040.46923076923,26219,16173.74,0.7487,0.874,0.22,SALUDABLE
769,25,m,casado,0,0,38245,30000,46571.50769230769,4820,3824.5,1.2177,0.1607,0.1,SALUDABLE
770,32,f,soltero,1,1,74930,15000,46106.89230769231,5279,7493.0,0.6153,0.3519,0.1,SALUDABLE
771,35,m,unión libre,2,1,18056,120000,36425.86923076923,73639,541.68,2.0174,0.6137,0.03,MODERADO
772,47,m,casado,1,0,20119,50000,48175.65384615384,48963,2011.9,2.3945,0.9793,0.1,RIESGOSO
773,58,m,unión libre,1,1,18490,30000,39727.876923076925,21468,1849.0,2.1486,0.7156,0.1,RIESGOSO
774,70,m,unión libre,1,1,68010,120000,43867.7,112889,6801.0,0.645,0.9407,0.1,MODERADO
775,67,m,soltero,3,1,32453,80000,53313.09230769231,44420,3245.3,1.6428,0.5552,0.1,MODERADO
776,35,m,unión libre,1,1,45958,50000,36055.223076923074,21040,1378.74,0.7845,0.4208,0.03,SALUDABLE
777,37,f,unión libre,2,0,9647,120000,39409.24615384615,66864,289.41,4.0851,0.5572,0.03,RIESGOSO
778,57,f,unión libre,2,1,30636,80000,51280.02307692308,40923,919.08,1.6738,0.5115,0.03,RIESGOSO
779,67,m,casado,0,0,53606,80000,39188.838461538464,68910,1608.18,0.7311,0.8614,0.03,MODERADO
780,31,m,unión libre,2,1,63782,50000,42494.89230769231,11005,6378.2,0.6663,0.2201,0.1,SALUDABLE
781,67,f,divorciado,0,0,19931,15000,38854.01538461538,8632,597.93,1.9494,0.5755,0.03,RIESGOSO
782,62,f,casado,1,0,58346,30000,41013.223076923074,11745,5834.6,0.7029,0.3915,0.1,SALUDABLE
783,33,m,unión libre,0,0,49703,15000,50812.44615384616,9672,4970.3,1.0223,0.6448,0.1,SALUDABLE
784,50,f,divorciado,3,0,18417,30000,53399.9,21867,1841.7,2.8995,0.7289,0.1,RIESGOSO
785,27,f,casado,4,0,8904,15000,38741.07692307692,11032,890.4,4.351,0.7355,0.1,RIESGOSO
786,49,m,soltero,3,1,53685,30000,41439.19230769231,6821,11810.7,0.7719,0.2274,0.22,SALUDABLE
787,30,m,casado,0,0,23154,120000,47420.11538461538,113944,5093.88,2.048,0.9495,0.22,MODERADO
788,20,m,casado,0,1,14280,120000,48955.261538461535,92948,3141.6,3.4282,0.7746,0.22,MODERADO
789,45,m,soltero,2,0,42434,120000,48102.74615384615,46191,4243.4,1.1336,0.3849,0.1,MODERADO
790,47,f,casado,2,1,20615,30000,53033.42307692308,963,618.45,2.5726,0.0321,0.03,RIESGOSO
791,22,f,unión libre,3,1,36148,15000,53947.70769230769,6287,3614.8,1.4924,0.4191,0.1,RIESGOSO
792,66,f,divorciado,4,0,29832,15000,46680.807692307695,10813,894.96,1.5648,0.7209,0.03,RIESGOSO
793,24,m,casado,0,0,33441,120000,45512.53846153846,113257,3344.1,1.361,0.9438,0.1,MODERADO
794,56,m,divorciado,4,0,46339,50000,52131.26923076923,17641,4633.9,1.125,0.3528,0.1,SALUDABLE
795,65,m,divorciado,1,1,18081,50000,41036.876923076925,8687,542.43,2.2696,0.1737,0.03,RIESGOSO
796,20,f,casado,2,1,62490,30000,53874.13076923077,8165,6249.0,0.8621,0.2722,0.1,SALUDABLE
797,41,m,casado,3,1,78573,30000,59488.984615384616,29777,7857.3,0.7571,0.9926,0.1,SALUDABLE
798,27,f,unión libre,2,0,22074,80000,37739.1,49564,4856.28,1.7097,0.6196,0.22,MODERADO
799,69,m,unión libre,4,1,44453,80000,47209.84615384615,8029,1333.59,1.062,0.1004,0.03,RIESGOSO
800,45,f,casado,4,0,67023,30000,47949.17692307692,5188,2010.69,0.7154,0.1729,0.03,SALUDABLE
801,62,f,casado,0,1,15307,30000,50828.82307692307,24065,1530.7,3.3206,0.8022,0.1,RIESGOSO
802,37,f,soltero,4,0,70405,15000,51546.02307692308,3858,7040.5,0.7321,0.2572,0.1,SALUDABLE
803,59,f,unión libre,1,1,40930,80000,50997.5,47349,4093.0,1.246,0.5919,0.1,MODERADO
804,58,m,unión libre,2,0,10028,120000,37066.64615384615,94353,300.84,3.6963,0.7863,0.03,MODERADO
805,70,m,casado,0,1,48276,15000,47212.65384615384,6570,4827.6,0.978,0.438,0.1,SALUDABLE
806,34,f,soltero,2,1,48851,120000,38948.12307692308,8979,4885.1,0.7973,0.0748,0.1,SALUDABLE
807,66,f,divorciado,0,1,11741,50000,52333.51538461538,2601,352.23,4.4573,0.052,0.03,RIESGOSO
808,29,m,unión libre,2,1,9899,50000,32876.47692307692,46201,296.97,3.3212,0.924,0.03,RIESGOSO
809,51,m,casado,3,0,25629,120000,47882.38461538461,2943,2562.9,1.8683,0.0245,0.1,RIESGOSO
810,70,f,divorciado,1,1,20982,50000,49559.69230769231,3767,629.46,2.362,0.0753,0.03,RIESGOSO
811,57,f,casado,4,0,57190,80000,50532.93076923077,55001,5719.0,0.8836,0.6875,0.1,MODERADO
812,18,f,unión libre,4,1,61079,120000,41664.82307692307,17364,1832.37,0.6821,0.1447,0.03,SALUDABLE
813,50,m,divorciado,1,0,57790,50000,39869.32307692307,37775,5779.0,0.6899,0.7555,0.1,SALUDABLE
814,66,f,soltero,3,1,71912,50000,36196.51538461538,43969,7191.2,0.5033,0.8794,0.1,SALUDABLE
815,60,f,unión libre,0,0,33709,120000,54329.8,66251,3370.9,1.6117,0.5521,0.1,MODERADO
816,25,m,unión libre,4,0,37566,50000,38188.723076923074,2553,1126.98,1.0166,0.0511,0.03,RIESGOSO
817,42,m,soltero,4,0,27094,80000,46949.2923076923,28702,2709.4,1.7328,0.3588,0.1,RIESGOSO
818,20,m,casado,3,0,29218,120000,55040.02307692308,62757,2921.8,1.8838,0.523,0.1,MODERADO
819,29,f,casado,4,0,37521,80000,47394.3,13690,3752.1,1.2631,0.1711,0.1,RIESGOSO
820,31,m,unión libre,3,0,16011,15000,45540.01538461538,5156,1601.1,2.8443,0.3437,0.1,RIESGOSO
821,60,m,casado,4,1,52844,30000,57685.2,3452,5284.4,1.0916,0.1151,0.1,SALUDABLE
822,59,f,casado,1,1,36084,15000,44563.45384615385,7832,1082.52,1.235,0.5221,0.03,RIESGOSO
823,63,m,divorciado,1,0,13531,30000,52893.88461538462,852,405.93,3.9091,0.0284,0.03,RIESGOSO
824,29,m,soltero,1,0,40900,120000,45050.38461538461,83343,1227.0,1.1015,0.6945,0.03,MODERADO
825,44,m,soltero,2,1,49811,120000,35860.36153846154,3935,1494.33,0.7199,0.0328,0.03,SALUDABLE
826,22,m,soltero,1,0,40408,80000,36264.2,56660,1212.24,0.8975,0.7083,0.03,MODERADO
827,18,m,divorciado,1,0,12028,80000,45245.87692307692,27978,360.84,3.7617,0.3497,0.03,RIESGOSO
828,49,m,soltero,0,0,22699,30000,43487.00769230769,13159,680.97,1.9158,0.4386,0.03,RIESGOSO
829,42,m,casado,4,1,79257,30000,37065.45384615385,3523,17436.54,0.4677,0.1174,0.22,SALUDABLE
830,56,m,unión libre,1,1,72306,50000,36081.338461538464,15750,7230.6,0.499,0.315,0.1,SALUDABLE
831,48,f,divorciado,3,1,30814,80000,57291.67692307692,29509,6779.08,1.8593,0.3689,0.22,RIESGOSO
832,36,f,casado,4,0,19229,30000,57775.34615384615,12842,576.87,3.0046,0.4281,0.03,RIESGOSO
833,60,m,divorciado,2,0,51617,120000,50000.53846153846,16107,1548.51,0.9687,0.1342,0.03,SALUDABLE
834,43,m,casado,2,1,39049,15000,42361.23846153846,664,1171.47,1.0848,0.0443,0.03,RIESGOSO
835,62,m,divorciado,0,0,19740,15000,32686.80769230769,9178,1974.0,1.6559,0.6119,0.1,RIESGOSO
836,53,m,divorciado,1,1,12377,50000,55280.58461538461,44100,2722.94,4.4664,0.882,0.22,RIESGOSO
837,41,f,unión libre,0,0,40688,80000,54984.27692307692,77312,1220.64,1.3514,0.9664,0.03,MODERADO
838,64,m,soltero,3,0,60234,80000,54303.13076923077,78884,6023.4,0.9015,0.986,0.1,MODERADO
839,44,f,soltero,1,1,31861,120000,37601.60769230769,102517,3186.1,1.1802,0.8543,0.1,MODERADO
840,28,f,soltero,2,0,32841,120000,47763.330769230764,68657,3284.1,1.4544,0.5721,0.1,MODERADO
841,50,f,divorciado,1,1,34066,120000,31732.8,39561,3406.6,0.9315,0.3297,0.1,MODERADO
842,21,m,unión libre,3,1,19800,30000,41843.97692307692,8932,4356.0,2.1133,0.2977,0.22,RIESGOSO
843,50,f,unión libre,0,1,60169,30000,43139.75384615384,5140,6016.9,0.717,0.1713,0.1,SALUDABLE
844,69,m,unión libre,1,0,8213,80000,47902.92307692308,43441,1806.86,5.8326,0.543,0.22,RIESGOSO
845,29,f,soltero,1,1,71594,30000,39043.4,15588,7159.4,0.5453,0.5196,0.1,SALUDABLE
846,51,f,divorciado,2,1,13357,50000,44622.2,16300,1335.7,3.3407,0.326,0.1,RIESGOSO
847,61,f,unión libre,4,1,52342,15000,43865.984615384616,534,1570.26,0.8381,0.0356,0.03,SALUDABLE
848,61,f,casado,2,1,67623,30000,39706.869230769225,21984,6762.3,0.5872,0.7328,0.1,SALUDABLE
849,69,f,divorciado,2,1,68454,30000,33196.45384615385,7695,15059.88,0.4849,0.2565,0.22,SALUDABLE
850,22,m,soltero,2,0,16233,15000,46857.415384615386,867,3571.26,2.8866,0.0578,0.22,RIESGOSO
851,18,m,unión libre,2,0,45546,80000,42465.0,15565,4554.6,0.9324,0.1946,0.1,SALUDABLE
852,69,m,divorciado,2,1,58543,30000,56038.56153846154,5126,1756.29,0.9572,0.1709,0.03,SALUDABLE
853,61,f,casado,1,1,31175,80000,37989.96153846154,54045,3117.5,1.2186,0.6756,0.1,MODERADO
854,51,m,divorciado,1,0,69887,15000,58883.730769230766,8677,6988.7,0.8426,0.5785,0.1,SALUDABLE
855,36,m,divorciado,4,0,71669,15000,59283.73846153846,11588,7166.9,0.8272,0.7725,0.1,SALUDABLE
856,35,m,unión libre,4,1,45235,120000,42472.36923076923,30331,4523.5,0.9389,0.2528,0.1,MODERADO
857,44,f,soltero,4,0,20056,120000,47088.5,119794,601.68,2.3479,0.9983,0.03,MODERADO
858,57,f,divorciado,3,1,51930,80000,48962.2,3228,11424.6,0.9428,0.0403,0.22,SALUDABLE
859,30,f,unión libre,1,1,13278,80000,50600.63846153846,50904,2921.16,3.8109,0.6363,0.22,RIESGOSO
860,39,f,casado,2,0,19812,50000,38001.223076923074,42623,1981.2,1.9181,0.8525,0.1,RIESGOSO
861,43,f,divorciado,3,1,79985,50000,58666.23846153846,23049,2399.55,0.7335,0.461,0.03,SALUDABLE
862,38,f,soltero,1,0,44892,80000,38840.761538461535,33298,9876.24,0.8652,0.4162,0.22,SALUDABLE
863,58,f,divorciado,4,0,19884,30000,49592.21538461538,6191,1988.4,2.4941,0.2064,0.1,RIESGOSO
864,45,m,soltero,4,0,29179,30000,45194.12307692308,22238,2917.9,1.5489,0.7413,0.1,RIESGOSO
865,19,m,soltero,0,1,17952,15000,28238.93076923077,13600,1795.2,1.573,0.9067,0.1,RIESGOSO
866,53,f,soltero,4,0,73789,50000,47303.99230769231,33760,7378.9,0.6411,0.6752,0.1,SALUDABLE
867,20,f,divorciado,4,0,38321,50000,47782.73846153846,11470,3832.1,1.2469,0.2294,0.1,SALUDABLE
868,64,m,unión libre,4,0,35027,120000,52509.73846153846,91102,1050.81,1.4991,0.7592,0.03,MODERADO
869,23,m,casado,3,0,41814,30000,39366.19230769231,19671,4181.4,0.9415,0.6557,0.1,SALUDABLE
870,26,f,unión libre,3,0,47077,30000,45022.50769230769,4839,1412.31,0.9564,0.1613,0.03,SALUDABLE
871,67,m,casado,3,1,34745,50000,36456.60769230769,44975,3474.5,1.0493,0.8995,0.1,MODERADO
872,58,f,casado,1,1,13823,50000,48192.75384615384,27048,1382.3,3.4864,0.541,0.1,RIESGOSO
873,48,m,soltero,3,0,43158,15000,43735.761538461535,14372,9494.76,1.0134,0.9581,0.22,SALUDABLE
874,63,f,unión libre,1,0,52492,15000,50975.2923076923,8183,11548.24,0.9711,0.5455,0.22,SALUDABLE
875,53,m,divorciado,4,0,49892,15000,38289.80769230769,8670,1496.76,0.7675,0.578,0.03,SALUDABLE
876,25,m,soltero,1,1,65141,80000,37714.27692307692,62598,6514.1,0.579,0.7825,0.1,MODERADO
877,63,f,soltero,0,0,69862,120000,52567.37692307692,27409,6986.2,0.7524,0.2284,0.1,SALUDABLE
878,31,m,soltero,0,1,68266,15000,41861.330769230764,13758,15018.52,0.6132,0.9172,0.22,SALUDABLE
879,28,m,divorciado,0,0,55323,30000,43676.36153846154,20294,5532.3,0.7895,0.6765,0.1,SALUDABLE
880,65,m,casado,0,0,31139,30000,53508.39230769231,7138,934.17,1.7184,0.2379,0.03,RIESGOSO
881,26,m,casado,3,0,20412,80000,56241.11538461538,32794,2041.2,2.7553,0.4099,0.1,RIESGOSO
882,56,f,divorciado,2,0,17768,30000,49032.60769230769,7668,1776.8,2.7596,0.2556,0.1,RIESGOSO
883,18,f,divorciado,0,0,39203,120000,44792.32307692307,10946,1176.09,1.1426,0.0912,0.03,RIESGOSO
884,49,f,soltero,4,0,53557,30000,44479.63846153846,11821,5355.7,0.8305,0.394,0.1,SALUDABLE
885,58,f,casado,2,0,78267,15000,45115.13076923077,5257,7826.7,0.5764,0.3505,0.1,SALUDABLE
886,32,m,divorciado,4,0,79777,30000,47020.87692307692,5206,7977.7,0.5894,0.1735,0.1,SALUDABLE
887,48,f,soltero,3,0,66325,50000,42540.32307692307,24248,6632.5,0.6414,0.485,0.1,SALUDABLE
888,70,m,divorciado,0,0,32852,50000,42067.77692307692,33983,7227.44,1.2805,0.6797,0.22,SALUDABLE
889,33,f,casado,1,0,23484,15000,39396.96923076923,994,5166.48,1.6776,0.0663,0.22,RIESGOSO
890,59,m,soltero,1,1,34051,30000,39202.59230769231,23261,1021.53,1.1513,0.7754,0.03,RIESGOSO
891,40,m,casado,0,0,45022,80000,52094.95384615385,74272,9904.84,1.1571,0.9284,0.22,MODERADO
892,56,f,unión libre,3,0,31863,15000,54099.27692307692,3440,955.89,1.6979,0.2293,0.03,RIESGOSO
893,47,m,unión libre,1,1,9759,30000,52427.869230769225,13062,975.9,5.3723,0.4354,0.1,RIESGOSO
894,64,m,soltero,3,1,42884,15000,39402.43846153846,2534,9434.48,0.9188,0.1689,0.22,SALUDABLE
895,26,f,soltero,4,1,65278,50000,44915.230769230766,10198,14361.16,0.6881,0.204,0.22,SALUDABLE
896,68,m,casado,0,0,11385,80000,45810.54615384615,63922,1138.5,4.0238,0.799,0.1,RIESGOSO
897,45,f,divorciado,4,1,41047,30000,51702.74615384615,21241,1231.41,1.2596,0.708,0.03,RIESGOSO
898,39,f,unión libre,4,0,30880,50000,36951.03846153846,2677,3088.0,1.1966,0.0535,0.1,RIESGOSO
899,68,f,unión libre,3,0,52888,15000,38735.78461538461,13112,11635.36,0.7324,0.8741,0.22,SALUDABLE
900,26,f,casado,2,1,27235,120000,41454.42307692308,46234,2723.5,1.5221,0.3853,0.1,MODERADO
901,41,f,casado,2,0,12250,120000,40393.58461538461,97161,1225.0,3.2974,0.8097,0.1,MODERADO
902,26,m,unión libre,3,1,62974,15000,41457.3,964,6297.4,0.6583,0.0643,0.1,SALUDABLE
903,60,f,soltero,0,0,32061,80000,44292.730769230766,66489,3206.1,1.3815,0.8311,0.1,MODERADO
904,20,f,divorciado,3,1,45317,80000,45562.88461538462,57020,1359.51,1.0054,0.7128,0.03,MODERADO
905,25,f,divorciado,2,1,16291,30000,52197.27692307692,13812,1629.1,3.2041,0.4604,0.1,RIESGOSO
906,70,m,casado,3,1,18316,15000,39545.96923076923,113,1831.6,2.1591,0.0075,0.1,RIESGOSO
907,48,m,casado,3,1,34548,15000,54470.71538461538,9685,3454.8,1.5767,0.6457,0.1,RIESGOSO
908,18,f,soltero,3,1,53069,15000,52080.66923076923,14971,5306.9,0.9814,0.9981,0.1,SALUDABLE
909,40,f,divorciado,0,1,31969,80000,43096.16923076923,52491,3196.9,1.3481,0.6561,0.1,MODERADO
910,66,m,casado,2,1,37633,80000,37573.89230769231,35514,3763.3,0.9984,0.4439,0.1,SALUDABLE
911,54,f,casado,4,0,51121,15000,42039.230769230766,12153,1533.63,0.8223,0.8102,0.03,SALUDABLE
912,70,m,casado,3,1,58549,50000,30947.32307692308,18679,1756.47,0.5286,0.3736,0.03,SALUDABLE
913,58,f,casado,1,0,38750,80000,53789.330769230764,23937,8525.0,1.3881,0.2992,0.22,SALUDABLE
914,69,f,divorciado,2,0,56133,50000,56406.80769230769,2233,1683.99,1.0049,0.0447,0.03,SALUDABLE
915,24,m,soltero,0,1,33942,30000,37795.053846153845,29440,7467.24,1.1135,0.9813,0.22,SALUDABLE
916,33,m,soltero,1,0,50007,80000,36503.03076923077,69911,5000.7,0.73,0.8739,0.1,MODERADO
917,32,f,divorciado,0,1,11828,80000,34091.93076923077,21967,1182.8,2.8823,0.2746,0.1,RIESGOSO
918,22,m,unión libre,1,0,20311,120000,38156.730769230766,92383,2031.1,1.8786,0.7699,0.1,MODERADO
919,21,m,divorciado,0,0,43235,30000,39616.161538461536,3887,4323.5,0.9163,0.1296,0.1,SALUDABLE
920,27,f,soltero,3,1,50285,80000,38853.723076923074,22147,5028.5,0.7727,0.2768,0.1,SALUDABLE
921,34,f,casado,2,1,16487,30000,49328.36153846154,13621,1648.7,2.992,0.454,0.1,RIESGOSO
922,58,f,divorciado,3,1,10253,120000,45718.93076923077,1851,1025.3,4.4591,0.0154,0.1,RIESGOSO
923,66,f,casado,2,0,22300,120000,38304.53846153846,106252,669.0,1.7177,0.8854,0.03,MODERADO
924,54,f,divorciado,4,0,66935,50000,39525.876923076925,47591,14725.7,0.5905,0.9518,0.22,SALUDABLE
925,29,m,divorciado,1,1,41572,30000,45948.61538461538,12357,4157.2,1.1053,0.4119,0.1,SALUDABLE
926,70,m,casado,0,1,14946,15000,42968.37692307692,11553,1494.6,2.8749,0.7702,0.1,RIESGOSO
927,54,f,divorciado,0,1,38609,30000,42292.62307692308,27998,3860.9,1.0954,0.9333,0.1,SALUDABLE
928,68,f,casado,4,1,30467,50000,38108.35384615384,49949,914.01,1.2508,0.999,0.03,MODERADO
929,42,f,unión libre,4,1,26470,120000,47554.661538461536,5393,2647.0,1.7965,0.0449,0.1,RIESGOSO
930,38,f,unión libre,4,1,34138,120000,45849.47692307692,69971,1024.14,1.3431,0.5831,0.03,MODERADO
931,31,f,soltero,4,0,11479,120000,54093.02307692308,1748,344.37,4.7123,0.0146,0.03,RIESGOSO
932,68,f,soltero,0,0,13675,15000,48375.661538461536,9470,1367.5,3.5375,0.6313,0.1,RIESGOSO
933,63,f,casado,3,1,40047,15000,46008.68461538461,8100,1201.41,1.1489,0.54,0.03,RIESGOSO
934,20,f,soltero,3,0,8181,30000,35613.123076923075,15935,1799.82,4.3532,0.5312,0.22,RIESGOSO
935,64,m,soltero,0,0,15049,80000,44020.26923076923,13431,1504.9,2.9251,0.1679,0.1,RIESGOSO
936,32,m,divorciado,1,0,18385,120000,48037.53076923077,25527,1838.5,2.6129,0.2127,0.1,RIESGOSO
937,19,f,casado,1,0,72304,50000,48423.02307692308,28646,7230.4,0.6697,0.5729,0.1,SALUDABLE
938,27,f,divorciado,0,1,38281,50000,46353.06923076923,3635,3828.1,1.2109,0.0727,0.1,SALUDABLE
939,56,f,casado,2,1,33842,50000,38780.56923076923,43522,7445.24,1.1459,0.8704,0.22,SALUDABLE
940,25,m,casado,3,0,21774,30000,39416.730769230766,18445,2177.4,1.8103,0.6148,0.1,RIESGOSO
941,53,m,soltero,4,1,64525,30000,41550.60769230769,7937,6452.5,0.6439,0.2646,0.1,SALUDABLE
942,32,m,soltero,0,0,44146,15000,35304.23846153846,1152,1324.38,0.7997,0.0768,0.03,SALUDABLE
943,31,f,unión libre,0,1,56192,50000,41724.2923076923,37597,1685.76,0.7425,0.7519,0.03,SALUDABLE
944,53,f,casado,3,1,60748,50000,50602.95384615385,8167,13364.56,0.833,0.1633,0.22,SALUDABLE
945,20,m,unión libre,3,1,28426,30000,41025.17692307692,17503,2842.6,1.4432,0.5834,0.1,RIESGOSO
946,52,f,soltero,0,1,48941,15000,39329.484615384616,12556,10767.02,0.8036,0.8371,0.22,SALUDABLE
947,31,f,unión libre,2,1,15915,30000,42663.01538461538,9603,477.45,2.6807,0.3201,0.03,RIESGOSO
948,65,m,casado,0,1,36804,50000,41300.86923076923,39967,3680.4,1.1222,0.7993,0.1,MODERADO
949,22,f,soltero,4,1,21266,120000,47165.64615384615,73614,637.98,2.2179,0.6135,0.03,MODERADO
950,59,f,divorciado,0,0,62092,80000,42745.15384615384,28919,6209.2,0.6884,0.3615,0.1,SALUDABLE
951,32,m,soltero,4,1,63499,80000,36620.78461538461,74745,13969.78,0.5767,0.9343,0.22,MODERADO
952,54,f,casado,3,0,41230,80000,55858.77692307692,78678,1236.9,1.3548,0.9835,0.03,MODERADO
953,26,m,divorciado,3,0,12859,120000,33061.92307692308,45560,1285.9,2.5711,0.3797,0.1,RIESGOSO
954,48,f,unión libre,2,0,75188,15000,37220.85384615385,2954,7518.8,0.495,0.1969,0.1,SALUDABLE
955,49,f,divorciado,3,1,40267,120000,38426.31538461539,103479,4026.7,0.9543,0.8623,0.1,MODERADO
956,30,f,soltero,2,0,30629,15000,38065.74615384615,10810,6738.38,1.2428,0.7207,0.22,SALUDABLE
957,58,m,divorciado,1,0,65404,50000,54207.723076923074,46187,14388.88,0.8288,0.9237,0.22,SALUDABLE
958,39,f,unión libre,4,0,73624,120000,40024.47692307692,1331,7362.4,0.5436,0.0111,0.1,SALUDABLE
959,38,m,casado,3,0,9338,15000,53853.723076923074,6107,280.14,5.7672,0.4071,0.03,RIESGOSO
960,63,f,divorciado,1,0,44172,50000,38509.2923076923,17815,4417.2,0.8718,0.3563,0.1,SALUDABLE
961,33,m,casado,2,0,79030,120000,40590.43076923077,84760,2370.9,0.5136,0.7063,0.03,MODERADO
962,68,m,soltero,2,0,66744,15000,35571.27692307692,9921,6674.4,0.533,0.6614,0.1,SALUDABLE
963,70,m,unión libre,1,1,29000,30000,42973.07692307692,155,870.0,1.4818,0.0052,0.03,RIESGOSO
964,47,m,soltero,0,0,56600,50000,42949.35384615384,36220,5660.0,0.7588,0.7244,0.1,SALUDABLE
965,36,m,divorciado,0,0,68478,30000,40161.17692307692,24977,6847.8,0.5865,0.8326,0.1,SALUDABLE
966,26,m,casado,4,0,53082,120000,55179.36153846154,72685,11678.04,1.0395,0.6057,0.22,MODERADO
967,59,m,casado,4,0,33845,50000,52302.65384615384,10959,3384.5,1.5454,0.2192,0.1,RIESGOSO
968,66,f,casado,3,1,14258,15000,45441.86153846153,12337,1425.8,3.1871,0.8225,0.1,RIESGOSO
969,62,f,unión libre,3,0,64311,80000,48640.42307692308,17723,6431.1,0.7563,0.2215,0.1,SALUDABLE
970,47,f,divorciado,3,0,67348,80000,48886.13076923077,72081,2020.44,0.7259,0.901,0.03,MODERADO
971,23,f,soltero,3,1,64513,80000,49968.20769230769,12408,1935.39,0.7745,0.1551,0.03,SALUDABLE
972,69,m,soltero,1,1,28384,15000,49518.46153846154,8208,851.52,1.7446,0.5472,0.03,RIESGOSO
973,46,m,unión libre,0,0,58841,120000,39098.78461538461,7001,1765.23,0.6645,0.0583,0.03,SALUDABLE
974,27,m,divorciado,4,1,43652,120000,44347.96153846154,100031,4365.2,1.0159,0.8336,0.1,MODERADO
975,18,m,unión libre,3,1,67357,30000,33974.32307692307,23286,6735.7,0.5044,0.7762,0.1,SALUDABLE
976,62,f,unión libre,4,0,61690,80000,39971.24615384615,68119,13571.8,0.6479,0.8515,0.22,MODERADO
977,29,m,unión libre,0,0,39700,15000,44634.11538461538,2860,3970.0,1.1243,0.1907,0.1,SALUDABLE
978,53,m,soltero,1,0,77802,30000,51380.86153846154,13539,2334.06,0.6604,0.4513,0.03,SALUDABLE
979,42,f,soltero,0,0,60148,15000,42120.27692307692,702,13232.56,0.7003,0.0468,0.22,SALUDABLE
980,25,f,divorciado,3,0,71240,80000,51475.161538461536,74091,15672.8,0.7226,0.9261,0.22,MODERADO
981,70,f,soltero,4,1,42132,120000,42527.16923076923,25526,1263.96,1.0094,0.2127,0.03,MODERADO
982,27,m,casado,4,0,15698,15000,47984.9,3060,3453.56,3.0568,0.204,0.22,RIESGOSO
983,47,f,divorciado,1,1,66707,120000,53651.230769230766,75275,6670.7,0.8043,0.6273,0.1,MODERADO
984,66,f,casado,1,0,18103,15000,43904.03846153846,4014,3982.66,2.4252,0.2676,0.22,RIESGOSO
985,38,m,unión libre,1,0,41195,80000,58800.12307692308,37127,1235.85,1.4274,0.4641,0.03,RIESGOSO
986,47,m,casado,1,0,9124,15000,54331.23846153846,2906,912.4,5.9548,0.1937,0.1,RIESGOSO
987,65,m,divorciado,2,1,66265,15000,51636.59230769231,9906,6626.5,0.7792,0.6604,0.1,SALUDABLE
988,60,m,unión libre,1,1,52693,30000,43886.59230769231,10776,11592.46,0.8329,0.3592,0.22,SALUDABLE
989,24,m,divorciado,0,0,45009,15000,34277.68461538461,11516,1350.27,0.7616,0.7677,0.03,SALUDABLE
990,42,f,soltero,1,1,41111,80000,57073.261538461535,43266,4111.1,1.3883,0.5408,0.1,MODERADO
991,61,f,soltero,4,0,42050,120000,55001.81538461538,103387,1261.5,1.308,0.8616,0.03,MODERADO
992,35,m,unión libre,1,0,64756,15000,51816.15384615384,6944,6475.6,0.8002,0.4629,0.1,SALUDABLE
993,38,m,casado,0,0,36498,120000,38441.984615384616,42401,8029.56,1.0533,0.3533,0.22,MODERADO
994,47,m,unión libre,3,1,10870,15000,53817.330769230764,11933,2391.4,4.951,0.7955,0.22,RIESGOSO
995,44,m,soltero,4,0,59925,50000,44201.45384615385,29732,1797.75,0.7376,0.5946,0.03,SALUDABLE
996,35,f,unión libre,4,0,13337,30000,39097.30769230769,12540,2934.14,2.9315,0.418,0.22,RIESGOSO
997,27,m,casado,3,0,71940,80000,38367.74615384615,45105,15826.8,0.5333,0.5638,0.22,SALUDABLE
998,35,m,divorciado,0,1,61894,80000,60592.5,62684,6189.4,0.979,0.7836,0.1,MODERADO
999,37,f,divorciado,0,0,28942,15000,36876.73846153846,3426,6367.24,1.2742,0.2284,0.22,SALUDABLE
1000,26,m,casado,3,0,14813,120000,44277.28461538461,27986,444.39,2.9891,0.2332,0.03,RIESGOSO
1001,48,m,divorciado,4,0,44157,30000,41246.407692307694,28386,9714.54,0.9341,0.9462,0.22,SALUDABLE
1002,58,m,soltero,4,0,39952,120000,46413.053846153845,30192,3995.2,1.1617,0.2516,0.1,MODERADO
1003,57,f,divorciado,1,0,78795,80000,52453.17692307692,72734,2363.85,0.6657,0.9092,0.03,MODERADO
1004,69,f,divorciado,4,0,18076,30000,46713.73846153846,24380,1807.6,2.5843,0.8127,0.1,RIESGOSO
1005,31,f,soltero,1,1,71344,30000,45235.49230769231,17074,7134.4,0.634,0.5691,0.1,SALUDABLE
1006,60,f,casado,3,1,30198,50000,35012.93076923077,27854,3019.8,1.1594,0.5571,0.1,RIESGOSO
1007,62,m,casado,4,1,40599,80000,51479.65384615384,57683,4059.9,1.268,0.721,0.1,MODERADO
1008,59,f,unión libre,1,0,50268,50000,42158.830769230764,29805,1508.04,0.8387,0.5961,0.03,SALUDABLE
1009,38,m,divorciado,2,0,45289,50000,44831.14615384615,15103,1358.67,0.9899,0.3021,0.03,RIESGOSO
1010,52,m,unión libre,0,1,15052,120000,47284.68461538461,104314,1505.2,3.1414,0.8693,0.1,MODERADO
1011,64,f,casado,4,1,30214,30000,46237.23846153846,39,906.42,1.5303,0.0013,0.03,RIESGOSO
1012,57,m,soltero,3,1,77463,50000,40006.63076923077,6773,7746.3,0.5165,0.1355,0.1,SALUDABLE
1013,49,f,unión libre,0,0,13330,80000,50618.161538461536,65431,399.9,3.7973,0.8179,0.03,RIESGOSO
1014,50,m,soltero,2,1,48653,80000,36247.97692307692,19884,1459.59,0.745,0.2486,0.03,SALUDABLE
1015,44,m,soltero,4,0,19408,50000,47039.36153846154,1123,582.24,2.4237,0.0225,0.03,RIESGOSO
1016,61,f,divorciado,1,0,72696,30000,35794.74615384615,19161,7269.6,0.4924,0.6387,0.1,SALUDABLE
1017,28,m,unión libre,2,0,11231,30000,35752.084615384614,45,1123.1,3.1833,0.0015,0.1,RIESGOSO
1018,19,m,divorciado,4,0,48180,15000,39702.06153846154,8573,1445.4,0.824,0.5715,0.03,SALUDABLE
1019,53,f,casado,0,1,27410,15000,49587.7923076923,4097,822.3,1.8091,0.2731,0.03,RIESGOSO
1020,29,f,unión libre,2,1,45149,30000,54357.36153846153,12722,9932.78,1.204,0.4241,0.22,SALUDABLE
1021,39,f,casado,0,1,59874,120000,40758.43076923077,34034,5987.4,0.6807,0.2836,0.1,SALUDABLE
1022,44,f,casado,0,0,78278,80000,33525.1,69602,7827.8,0.4283,0.87,0.1,MODERADO
1023,22,m,casado,2,1,71747,80000,50347.330769230764,55294,7174.7,0.7017,0.6912,0.1,MODERADO
1024,20,m,divorciado,2,1,43685,15000,37653.484615384616,13049,4368.5,0.8619,0.8699,0.1,SALUDABLE
1025,38,m,divorciado,4,0,12408,50000,44418.63846153846,17201,1240.8,3.5798,0.344,0.1,RIESGOSO
1026,53,m,casado,0,0,29144,30000,38911.23846153846,5012,2914.4,1.3351,0.1671,0.1,RIESGOSO
1027,33,f,divorciado,2,0,75925,120000,38307.73846153846,29900,7592.5,0.5045,0.2492,0.1,SALUDABLE
1028,28,m,casado,1,0,30792,15000,41588.93846153846,13989,923.76,1.3506,0.9326,0.03,RIESGOSO
1029,67,f,unión libre,2,0,21439,30000,37462.66923076923,22426,2143.9,1.7474,0.7475,0.1,RIESGOSO
1030,68,f,soltero,2,0,10539,50000,39305.09230769231,33828,1053.9,3.7295,0.6766,0.1,RIESGOSO
1031,69,m,casado,3,1,26556,80000,47484.07692307692,55664,796.68,1.7881,0.6958,0.03,MODERADO
1032,48,m,soltero,4,1,45953,50000,40751.46923076923,12825,4595.3,0.8868,0.2565,0.1,SALUDABLE
1033,57,f,divorciado,1,0,27333,120000,53708.34615384615,31067,2733.3,1.965,0.2589,0.1,RIESGOSO
1034,46,f,soltero,4,1,24505,120000,38403.36923076923,5470,2450.5,1.5672,0.0456,0.1,RIESGOSO
1035,56,m,casado,2,1,19127,120000,54271.07692307692,38838,573.81,2.8374,0.3236,0.03,RIESGOSO
1036,48,m,divorciado,1,1,29062,50000,47403.2923076923,15459,871.86,1.6311,0.3092,0.03,RIESGOSO
1037,56,m,unión libre,0,1,45428,30000,50673.09230769231,24464,4542.8,1.1155,0.8155,0.1,SALUDABLE
1038,42,m,unión libre,1,1,73131,120000,47639.74615384615,54547,7313.1,0.6514,0.4546,0.1,MODERADO
1039,48,f,divorciado,3,1,65547,15000,31867.123076923075,13948,14420.34,0.4862,0.9299,0.22,SALUDABLE
1040,30,f,casado,1,0,65603,15000,42781.261538461535,4230,14432.66,0.6521,0.282,0.22,SALUDABLE
1041,36,f,casado,1,0,40237,30000,55817.60769230769,25699,4023.7,1.3872,0.8566,0.1,SALUDABLE
1042,64,f,divorciado,3,0,19147,80000,50385.12307692308,7771,1914.7,2.6315,0.0971,0.1,RIESGOSO
1043,46,m,unión libre,0,0,9473,50000,50970.10769230769,48170,947.3,5.3806,0.9634,0.1,RIESGOSO
1044,18,f,soltero,0,0,18894,80000,32698.215384615385,32405,4156.68,1.7306,0.4051,0.22,RIESGOSO
1045,47,m,unión libre,2,0,11760,120000,57796.8,22917,1176.0,4.9147,0.191,0.1,RIESGOSO
1046,37,m,divorciado,3,1,31368,30000,47349.43076923077,27864,6900.96,1.5095,0.9288,0.22,SALUDABLE
1047,43,m,divorciado,0,0,25869,30000,49513.0,20480,2586.9,1.914,0.6827,0.1,RIESGOSO
1048,47,m,unión libre,0,0,43178,120000,36375.54615384615,7362,1295.34,0.8425,0.0614,0.03,RIESGOSO
1049,60,m,casado,1,0,39517,120000,38849.25384615384,46684,1185.51,0.9831,0.389,0.03,MODERADO
1050,43,m,unión libre,0,0,79226,120000,40661.161538461536,113509,7922.6,0.5132,0.9459,0.1,MODERADO
1051,51,f,casado,3,0,41462,30000,43275.730769230766,7596,9121.64,1.0437,0.2532,0.22,SALUDABLE
1052,44,f,soltero,2,1,59330,15000,36009.4,4393,1779.9,0.6069,0.2929,0.03,SALUDABLE
1053,68,f,casado,4,1,30289,15000,47583.907692307694,1660,3028.9,1.571,0.1107,0.1,RIESGOSO
1054,19,f,divorciado,3,0,76783,50000,36454.84615384616,32831,7678.3,0.4748,0.6566,0.1,SALUDABLE
1055,39,f,divorciado,1,0,29641,50000,44698.261538461535,43459,889.23,1.508,0.8692,0.03,MODERADO
1056,51,f,casado,4,1,70146,80000,35957.43076923077,36740,7014.6,0.5126,0.4592,0.1,SALUDABLE
1057,27,f,divorciado,1,0,48890,50000,38843.93076923077,45865,4889.0,0.7945,0.9173,0.1,MODERADO
1058,53,f,casado,0,0,25874,50000,51336.49230769231,20482,5692.28,1.9841,0.4096,0.22,RIESGOSO
1059,31,f,divorciado,2,0,9262,15000,56082.77692307692,8294,926.2,6.0551,0.5529,0.1,RIESGOSO
1060,31,m,unión libre,1,1,50130,50000,57990.14615384615,5269,5013.0,1.1568,0.1054,0.1,SALUDABLE
1061,21,f,divorciado,3,1,41660,120000,40116.261538461535,14539,1249.8,0.9629,0.1212,0.03,RIESGOSO
1062,32,f,divorciado,1,1,63751,30000,42764.60769230769,2323,6375.1,0.6708,0.0774,0.1,SALUDABLE
1063,23,m,soltero,1,0,57149,120000,54045.63846153846,15144,5714.9,0.9457,0.1262,0.1,SALUDABLE
1064,63,f,divorciado,0,1,42178,80000,35700.53846153846,48337,1265.34,0.8464,0.6042,0.03,MODERADO
1065,65,f,unión libre,2,0,10929,120000,39688.407692307694,1524,1092.9,3.6315,0.0127,0.1,RIESGOSO
1066,67,m,soltero,0,0,9019,80000,36498.161538461536,62541,1984.18,4.0468,0.7818,0.22,RIESGOSO
1067,40,m,soltero,3,0,17804,120000,49140.25384615384,87217,534.12,2.7601,0.7268,0.03,MODERADO
1068,47,m,casado,3,1,12537,80000,40990.61538461538,2800,1253.7,3.2696,0.035,0.1,RIESGOSO
1069,24,m,divorciado,0,0,25946,30000,45578.31538461539,2554,778.38,1.7567,0.0851,0.03,RIESGOSO
1070,27,f,divorciado,3,0,37184,50000,36570.42307692308,30223,3718.4,0.9835,0.6045,0.1,SALUDABLE
1071,22,f,divorciado,2,1,26773,80000,45073.92307692308,38461,5890.06,1.6836,0.4808,0.22,RIESGOSO
1072,29,f,divorciado,2,0,61670,15000,34851.6,144,6167.0,0.5651,0.0096,0.1,SALUDABLE
1073,56,m,soltero,3,1,55603,50000,45651.89230769231,19925,5560.3,0.821,0.3985,0.1,SALUDABLE
1074,36,f,divorciado,3,1,44490,50000,53210.13076923077,48047,1334.7,1.196,0.9609,0.03,MODERADO
1075,32,f,divorciado,4,1,57569,30000,45082.46923076923,3338,12665.18,0.7831,0.1113,0.22,SALUDABLE
1076,64,f,casado,2,1,56279,30000,48277.369230769225,8030,5627.9,0.8578,0.2677,0.1,SALUDABLE
1077,58,f,casado,1,1,65913,15000,52913.161538461536,13258,14500.86,0.8028,0.8839,0.22,SALUDABLE
1078,19,f,divorciado,1,1,17852,15000,41279.17692307692,2000,535.56,2.3123,0.1333,0.03,RIESGOSO
1079,36,f,soltero,0,1,31041,120000,44020.730769230766,79266,6829.02,1.4181,0.6606,0.22,MODERADO
1080,41,f,casado,4,1,62202,30000,40441.68461538461,24034,6220.2,0.6502,0.8011,0.1,SALUDABLE
1081,37,f,soltero,4,0,43811,50000,47554.00769230769,47024,4381.1,1.0854,0.9405,0.1,MODERADO
1082,49,m,unión libre,0,1,40867,50000,39368.71538461538,12886,1226.01,0.9633,0.2577,0.03,RIESGOSO
1083,36,m,unión libre,2,0,62814,50000,41265.39230769231,1282,1884.42,0.6569,0.0256,0.03,SALUDABLE
1084,26,m,divorciado,4,1,63560,50000,45615.36923076923,20121,6356.0,0.7177,0.4024,0.1,SALUDABLE
1085,40,m,soltero,2,0,18901,120000,51239.21538461538,72422,1890.1,2.7109,0.6035,0.1,MODERADO
1086,27,m,unión libre,2,1,38181,15000,30765.976923076923,6938,8399.82,0.8058,0.4625,0.22,SALUDABLE
1087,42,f,unión libre,2,1,50951,50000,55877.838461538464,45321,5095.1,1.0967,0.9064,0.1,MODERADO
1088,43,f,casado,0,0,31079,120000,49702.261538461535,43056,932.37,1.5992,0.3588,0.03,MODERADO
1089,26,m,unión libre,2,0,22527,50000,47196.57692307692,13597,4955.94,2.0951,0.2719,0.22,RIESGOSO
1090,69,m,soltero,2,1,40583,15000,47614.70769230769,8019,1217.49,1.1733,0.5346,0.03,RIESGOSO
1091,30,f,casado,1,1,8521,80000,48460.13076923077,34919,852.1,5.6871,0.4365,0.1,RIESGOSO
1092,38,f,casado,3,0,71041,120000,47627.14615384615,12155,15629.02,0.6704,0.1013,0.22,SALUDABLE
1093,46,f,casado,1,0,49583,120000,43099.21538461538,92215,4958.3,0.8692,0.7685,0.1,MODERADO
1094,41,m,casado,1,1,58562,120000,41359.63846153846,25779,1756.86,0.7063,0.2148,0.03,SALUDABLE
1095,28,m,soltero,2,1,55912,50000,43258.6,28330,1677.36,0.7737,0.5666,0.03,SALUDABLE
1096,68,m,divorciado,4,1,24176,120000,45234.34615384615,54815,725.28,1.871,0.4568,0.03,MODERADO
1097,43,m,soltero,2,0,37274,15000,41166.11538461538,7661,3727.4,1.1044,0.5107,0.1,SALUDABLE
1098,20,f,unión libre,1,0,65243,30000,47136.84615384616,10725,14353.46,0.7225,0.3575,0.22,SALUDABLE
1099,40,m,soltero,3,1,54352,120000,55095.2,75935,1630.56,1.0137,0.6328,0.03,MODERADO
1100,59,m,divorciado,0,1,38441,50000,53495.00769230769,2570,8457.02,1.3916,0.0514,0.22,SALUDABLE
1101,52,m,unión libre,3,0,56904,15000,55287.661538461536,8184,1707.12,0.9716,0.5456,0.03,SALUDABLE
1102,39,f,unión libre,0,1,45269,80000,44767.9,57835,1358.07,0.9889,0.7229,0.03,MODERADO
1103,22,f,unión libre,4,1,32206,50000,37185.12307692308,44712,3220.6,1.1546,0.8942,0.1,MODERADO
1104,29,f,divorciado,4,0,38919,30000,48396.03846153846,4348,1167.57,1.2435,0.1449,0.03,RIESGOSO
1105,26,m,divorciado,2,1,75763,120000,39275.86923076923,32231,7576.3,0.5184,0.2686,0.1,SALUDABLE
1106,57,f,soltero,1,0,30767,30000,41670.4,24354,3076.7,1.3544,0.8118,0.1,RIESGOSO
1107,41,m,divorciado,0,1,13226,50000,52320.915384615386,30847,1322.6,3.9559,0.6169,0.1,RIESGOSO
1108,23,m,casado,0,0,19754,15000,30832.37692307692,13772,592.62,1.5608,0.9181,0.03,RIESGOSO
1109,29,f,casado,0,1,32350,15000,39135.230769230766,14123,7117.0,1.2097,0.9415,0.22,SALUDABLE
1110,67,f,casado,0,0,76204,15000,40432.32307692308,9756,2286.12,0.5306,0.6504,0.03,SALUDABLE
1111,41,f,unión libre,2,1,28281,15000,45738.46153846154,3694,6221.82,1.6173,0.2463,0.22,SALUDABLE
1112,18,m,soltero,4,1,36853,80000,49190.915384615386,42394,3685.3,1.3348,0.5299,0.1,MODERADO
1113,65,f,unión libre,3,1,72833,120000,49548.80769230769,71216,16023.26,0.6803,0.5935,0.22,MODERADO
1114,32,f,soltero,4,0,40911,80000,34556.330769230764,48326,1227.33,0.8447,0.6041,0.03,MODERADO
1115,23,f,casado,0,0,33024,15000,41122.28461538462,10774,3302.4,1.2452,0.7183,0.1,SALUDABLE
1116,65,m,divorciado,1,1,18035,50000,31061.82307692308,29194,1803.5,1.7223,0.5839,0.1,RIESGOSO
1117,44,f,casado,2,1,64840,50000,49552.161538461536,7681,6484.0,0.7642,0.1536,0.1,SALUDABLE
1118,43,f,unión libre,4,0,77867,80000,54450.93076923076,24602,2336.01,0.6993,0.3075,0.03,SALUDABLE
1119,26,m,divorciado,2,0,69466,50000,39082.12307692308,7227,6946.6,0.5626,0.1445,0.1,SALUDABLE
1120,29,f,casado,3,0,62472,15000,63072.376923076925,2436,6247.2,1.0096,0.1624,0.1,SALUDABLE
1121,42,f,casado,2,1,54146,120000,53957.12307692308,104868,5414.6,0.9965,0.8739,0.1,MODERADO
1122,37,m,divorciado,3,1,52025,120000,46817.1,48556,11445.5,0.8999,0.4046,0.22,SALUDABLE
1123,29,f,divorciado,1,0,72139,50000,44478.51538461538,4298,2164.17,0.6166,0.086,0.03,SALUDABLE
1124,45,m,divorciado,0,0,12434,15000,42139.88461538462,7764,1243.4,3.3891,0.5176,0.1,RIESGOSO
1125,64,m,unión libre,2,1,28407,120000,36599.2923076923,64313,2840.7,1.2884,0.5359,0.1,MODERADO
1126,32,f,unión libre,3,0,21010,30000,39674.51538461538,3443,630.3,1.8884,0.1148,0.03,RIESGOSO
1127,22,m,divorciado,4,1,24793,80000,48741.5,66144,5454.46,1.9659,0.8268,0.22,MODERADO
1128,34,f,soltero,4,1,65008,30000,44549.230769230766,27296,6500.8,0.6853,0.9099,0.1,SALUDABLE
1129,43,f,divorciado,0,1,75740,80000,51687.915384615386,58244,2272.2,0.6824,0.728,0.03,MODERADO
1130,56,m,casado,1,0,44052,30000,34380.35384615385,3111,1321.56,0.7804,0.1037,0.03,SALUDABLE
1131,51,f,casado,3,0,75153,120000,45907.14615384615,61220,7515.3,0.6108,0.5102,0.1,MODERADO
1132,40,m,soltero,3,1,23446,30000,35988.97692307692,28806,703.38,1.535,0.9602,0.03,RIESGOSO
1133,56,f,unión libre,4,0,15107,50000,53640.2923076923,21640,453.21,3.5507,0.4328,0.03,RIESGOSO
1134,56,m,soltero,1,0,53214,15000,50524.907692307694,14379,11707.08,0.9495,0.9586,0.22,SALUDABLE
1135,43,m,casado,1,0,53008,30000,37276.16923076923,20689,1590.24,0.7032,0.6896,0.03,SALUDABLE
1136,45,m,soltero,3,1,27219,80000,34560.67692307692,68925,816.57,1.2697,0.8616,0.03,MODERADO
1137,67,m,divorciado,3,0,73630,120000,54505.19230769231,70572,7363.0,0.7403,0.5881,0.1,MODERADO
1138,68,m,unión libre,1,1,56422,50000,46730.63076923077,35186,1692.66,0.8282,0.7037,0.03,SALUDABLE
1139,39,m,unión libre,1,1,29246,30000,54123.907692307694,24852,877.38,1.8506,0.8284,0.03,RIESGOSO
1140,47,m,divorciado,1,1,56073,15000,35287.161538461536,2129,5607.3,0.6293,0.1419,0.1,SALUDABLE
1141,47,f,casado,4,1,55934,80000,48083.92307692308,16655,5593.4,0.8597,0.2082,0.1,SALUDABLE
1142,22,m,unión libre,3,1,14886,120000,52499.54615384615,41466,3274.92,3.5268,0.3456,0.22,RIESGOSO
1143,47,f,casado,4,0,40187,30000,39105.66923076923,12557,4018.7,0.9731,0.4186,0.1,SALUDABLE
1144,62,f,divorciado,2,0,35710,50000,48911.13076923077,29849,7856.2,1.3697,0.597,0.22,SALUDABLE
1145,43,m,casado,0,0,11098,30000,55071.984615384616,16279,1109.8,4.9623,0.5426,0.1,RIESGOSO
1146,50,m,divorciado,3,1,31058,80000,43241.38461538461,12597,3105.8,1.3923,0.1575,0.1,RIESGOSO
1147,53,f,soltero,0,1,8669,15000,36271.83846153846,14272,260.07,4.1841,0.9515,0.03,RIESGOSO
1148,46,m,casado,4,1,15877,80000,36240.47692307692,34605,1587.7,2.2826,0.4326,0.1,RIESGOSO
1149,50,f,divorciado,2,1,12649,120000,40240.08461538461,84739,379.47,3.1813,0.7062,0.03,MODERADO
1150,36,m,divorciado,1,1,18596,30000,56244.56153846154,10686,1859.6,3.0246,0.3562,0.1,RIESGOSO
1151,40,f,unión libre,0,0,28639,15000,45423.82307692307,5004,6300.58,1.5861,0.3336,0.22,SALUDABLE
1152,52,m,divorciado,1,0,57834,80000,29468.47692307692,8092,1735.02,0.5095,0.1012,0.03,SALUDABLE
1153,59,f,unión libre,3,0,25060,50000,35609.89230769231,32357,2506.0,1.421,0.6471,0.1,RIESGOSO
1154,18,f,soltero,4,0,62131,120000,50483.08461538461,16704,1863.93,0.8125,0.1392,0.03,SALUDABLE
1155,48,m,unión libre,2,1,56746,50000,44382.03846153846,36793,1702.38,0.7821,0.7359,0.03,SALUDABLE
1156,25,f,soltero,1,0,21985,50000,48338.26923076923,6244,2198.5,2.1987,0.1249,0.1,RIESGOSO
1157,24,m,casado,0,1,74450,30000,32560.7,2443,7445.0,0.4373,0.0814,0.1,SALUDABLE
1158,27,m,unión libre,0,1,62104,30000,55339.4,27003,6210.4,0.8911,0.9001,0.1,SALUDABLE
1159,28,f,soltero,1,0,50079,120000,41975.84615384616,113384,11017.38,0.8382,0.9449,0.22,MODERADO
1160,26,f,soltero,3,0,12378,50000,34443.653846153844,14292,2723.16,2.7827,0.2858,0.22,RIESGOSO
1161,41,f,unión libre,1,1,29588,50000,45418.25384615384,22095,887.64,1.535,0.4419,0.03,RIESGOSO
1162,52,m,divorciado,0,1,67566,120000,49081.90769230769,5408,6756.6,0.7264,0.0451,0.1,SALUDABLE
1163,44,m,casado,3,0,72848,15000,36964.81538461538,9710,16026.56,0.5074,0.6473,0.22,SALUDABLE
1164,48,m,unión libre,2,0,60621,50000,48466.830769230764,4243,6062.1,0.7995,0.0849,0.1,SALUDABLE
1165,48,f,divorciado,0,0,16322,50000,32741.30769230769,39811,1632.2,2.006,0.7962,0.1,RIESGOSO
1166,65,m,soltero,3,1,45101,15000,39763.95384615385,9371,4510.1,0.8817,0.6247,0.1,SALUDABLE
1167,29,f,unión libre,4,0,49081,120000,44409.34615384615,67948,1472.43,0.9048,0.5662,0.03,MODERADO
1168,52,f,unión libre,1,1,22862,30000,42891.06923076923,5276,2286.2,1.8761,0.1759,0.1,RIESGOSO
1169,21,m,soltero,2,1,67091,15000,35238.46923076923,1713,6709.1,0.5252,0.1142,0.1,SALUDABLE
1170,24,m,unión libre,0,0,72007,50000,58148.21538461538,40644,2160.21,0.8075,0.8129,0.03,SALUDABLE
1171,68,m,divorciado,3,0,69305,30000,40524.07692307692,16727,6930.5,0.5847,0.5576,0.1,SALUDABLE
1172,45,m,divorciado,2,0,79351,15000,45665.96153846154,10430,2380.53,0.5755,0.6953,0.03,SALUDABLE
1173,65,m,casado,4,0,43182,15000,43843.0,5560,9500.04,1.0153,0.3707,0.22,SALUDABLE
1174,49,m,soltero,1,1,64032,15000,52776.41538461538,2474,6403.2,0.8242,0.1649,0.1,SALUDABLE
1175,42,f,casado,0,0,51595,30000,49380.56923076923,14857,11350.9,0.9571,0.4952,0.22,SALUDABLE
1176,20,f,soltero,4,1,78709,30000,48409.53846153846,6854,7870.9,0.615,0.2285,0.1,SALUDABLE
1177,24,f,unión libre,2,0,30683,80000,36399.88461538462,71373,920.49,1.1863,0.8922,0.03,MODERADO
1178,27,f,unión libre,3,1,41775,15000,48112.75384615384,2784,4177.5,1.1517,0.1856,0.1,SALUDABLE
1179,44,m,unión libre,2,0,24653,80000,52640.89230769231,79919,2465.3,2.1353,0.999,0.1,MODERADO
1180,30,m,soltero,4,1,11447,80000,42471.40769230769,67561,1144.7,3.7103,0.8445,0.1,RIESGOSO
1181,38,m,divorciado,2,1,22845,30000,45228.161538461536,20223,2284.5,1.9798,0.6741,0.1,RIESGOSO
1182,67,m,divorciado,0,1,29532,50000,54370.71538461538,47647,885.96,1.8411,0.9529,0.03,MODERADO
1183,33,f,casado,4,1,16188,50000,51853.261538461535,28467,485.64,3.2032,0.5693,0.03,RIESGOSO
1184,27,m,casado,4,1,69982,120000,50481.56153846154,50137,6998.2,0.7214,0.4178,0.1,MODERADO
1185,21,f,divorciado,1,1,48543,120000,36023.70769230769,49260,4854.3,0.7421,0.4105,0.1,MODERADO
1186,70,f,soltero,0,0,30443,50000,34978.946153846155,6557,3044.3,1.149,0.1311,0.1,RIESGOSO
1187,23,f,casado,1,0,9840,30000,43123.21538461538,8678,295.2,4.3824,0.2893,0.03,RIESGOSO
1188,18,m,unión libre,2,0,55373,80000,48674.97692307692,54865,1661.19,0.879,0.6858,0.03,MODERADO
1189,21,m,divorciado,3,0,57527,120000,35525.692307692305,53857,5752.7,0.6175,0.4488,0.1,MODERADO
1190,61,m,unión libre,4,1,16134,50000,53899.17692307692,36207,1613.4,3.3407,0.7241,0.1,RIESGOSO
1191,36,f,divorciado,2,0,77153,80000,47303.85384615384,59409,2314.59,0.6131,0.7426,0.03,MODERADO
1192,25,m,unión libre,0,0,72967,120000,34027.99230769231,76387,7296.7,0.4663,0.6366,0.1,MODERADO
1193,29,f,casado,4,0,10732,120000,44245.78461538461,75980,2361.04,4.1228,0.6332,0.22,MODERADO
1194,37,f,unión libre,2,1,31115,80000,50945.5,53161,3111.5,1.6373,0.6645,0.1,MODERADO
1195,18,m,divorciado,1,0,61580,15000,36558.723076923074,2006,1847.4,0.5937,0.1337,0.03,SALUDABLE
1196,57,m,divorciado,4,1,48646,80000,41733.64615384615,47805,10702.12,0.8579,0.5976,0.22,SALUDABLE
1197,39,m,casado,3,0,79365,120000,38663.45384615385,60202,7936.5,0.4872,0.5017,0.1,MODERADO
1198,51,m,divorciado,2,1,27463,80000,47541.86153846154,11720,6041.86,1.7311,0.1465,0.22,RIESGOSO
1199,35,f,unión libre,3,1,25168,15000,64245.830769230764,1953,755.04,2.5527,0.1302,0.03,RIESGOSO
1200,30,m,divorciado,0,1,49380,30000,48915.15384615384,27284,4938.0,0.9906,0.9095,0.1,SALUDABLE
1201,59,m,unión libre,4,0,77995,50000,49499.9,19624,7799.5,0.6347,0.3925,0.1,SALUDABLE
1202,42,m,unión libre,4,1,23002,30000,40406.67692307692,29930,2300.2,1.7567,0.9977,0.1,RIESGOSO
1203,32,m,divorciado,3,0,21668,15000,43897.34615384616,7973,650.04,2.0259,0.5315,0.03,RIESGOSO
1204,65,f,unión libre,0,1,15854,15000,43444.44615384616,8207,3487.88,2.7403,0.5471,0.22,RIESGOSO
1205,21,m,soltero,0,1,35603,15000,35593.38461538462,3664,3560.3,0.9997,0.2443,0.1,SALUDABLE
1206,50,f,casado,0,1,15185,50000,44448.70769230769,32407,1518.5,2.9271,0.6481,0.1,RIESGOSO
1207,56,f,divorciado,3,1,18877,50000,37654.223076923074,40639,1887.7,1.9947,0.8128,0.1,RIESGOSO
1208,23,m,casado,0,1,31397,120000,54877.03076923077,49460,6907.34,1.7478,0.4122,0.22,MODERADO
1209,70,m,divorciado,1,1,43554,50000,41393.76923076923,42984,9581.88,0.9504,0.8597,0.22,SALUDABLE
1210,45,f,divorciado,1,1,33003,30000,43617.57692307692,3673,990.09,1.3216,0.1224,0.03,RIESGOSO
1211,52,m,soltero,1,0,36731,15000,45639.51538461538,11534,3673.1,1.2425,0.7689,0.1,SALUDABLE
1212,36,f,unión libre,1,1,65848,15000,62684.5,4400,1975.44,0.952,0.2933,0.03,SALUDABLE
1213,53,f,soltero,2,1,57704,15000,40924.77692307692,12902,12694.88,0.7092,0.8601,0.22,SALUDABLE
1214,69,f,casado,2,0,54276,120000,61492.38461538461,108207,1628.28,1.133,0.9017,0.03,MODERADO
1215,31,m,casado,2,1,73836,30000,48594.09230769231,1784,7383.6,0.6581,0.0595,0.1,SALUDABLE
1216,19,f,casado,4,1,42007,120000,50977.31538461538,60136,4200.7,1.2135,0.5011,0.1,MODERADO
1217,58,m,soltero,4,1,42924,120000,49904.5,6107,9443.28,1.1626,0.0509,0.22,SALUDABLE
1218,65,m,unión libre,4,0,58269,15000,46169.27692307692,10045,1748.07,0.7923,0.6697,0.03,SALUDABLE
1219,53,m,unión libre,3,0,15883,15000,39837.761538461535,8955,1588.3,2.5082,0.597,0.1,RIESGOSO
1220,52,f,divorciado,2,0,33842,30000,41355.04615384615,22561,3384.2,1.222,0.752,0.1,SALUDABLE
1221,22,m,casado,1,1,54082,30000,39778.46923076923,14081,1622.46,0.7355,0.4694,0.03,SALUDABLE
1222,59,f,unión libre,2,0,59948,80000,36847.13076923077,10922,5994.8,0.6147,0.1365,0.1,SALUDABLE
1223,40,f,soltero,4,0,31437,120000,47256.11538461538,107831,3143.7,1.5032,0.8986,0.1,MODERADO
1224,62,m,divorciado,3,1,72776,15000,40823.65384615384,12301,7277.6,0.5609,0.8201,0.1,SALUDABLE
1225,29,f,divorciado,4,1,37157,15000,44959.13846153846,7264,3715.7,1.21,0.4843,0.1,SALUDABLE
1226,34,m,casado,4,1,36180,15000,53730.8,3163,3618.0,1.4851,0.2109,0.1,RIESGOSO
1227,21,m,casado,1,1,46115,80000,50128.97692307692,72203,1383.45,1.087,0.9025,0.03,MODERADO
1228,62,m,unión libre,4,0,69463,50000,32447.515384615384,17463,6946.3,0.4671,0.3493,0.1,SALUDABLE
1229,39,m,soltero,3,1,49525,120000,46204.02307692308,46840,1485.75,0.9329,0.3903,0.03,MODERADO
1230,49,m,soltero,2,1,36021,120000,50366.9,14449,3602.1,1.3983,0.1204,0.1,RIESGOSO
1231,47,f,divorciado,4,0,32397,80000,43001.18461538461,79916,971.91,1.3273,0.999,0.03,MODERADO
1232,55,f,casado,2,0,75518,80000,47356.54615384615,12401,7551.8,0.6271,0.155,0.1,SALUDABLE
1233,52,f,unión libre,3,0,75658,120000,44111.73846153846,72011,7565.8,0.583,0.6001,0.1,MODERADO
1234,58,f,divorciado,4,1,22628,80000,44451.94615384616,23457,678.84,1.9645,0.2932,0.03,RIESGOSO
1235,22,f,casado,0,0,52391,50000,44916.49230769231,23254,1571.73,0.8573,0.4651,0.03,SALUDABLE
1236,36,m,unión libre,2,1,29186,15000,46030.67692307692,14747,6420.92,1.5771,0.9831,0.22,SALUDABLE
1237,58,m,soltero,4,0,24038,120000,50375.553846153845,118044,5288.36,2.0957,0.9837,0.22,MODERADO
1238,18,f,soltero,0,0,29347,120000,41344.338461538464,117016,880.41,1.4088,0.9751,0.03,MODERADO
1239,62,f,unión libre,2,1,13207,120000,60303.70769230769,113484,396.21,4.566,0.9457,0.03,MODERADO
1240,61,m,casado,0,1,11695,50000,40109.69230769231,41315,1169.5,3.4296,0.8263,0.1,RIESGOSO
1241,33,m,casado,3,1,31981,50000,45646.2923076923,44141,7035.82,1.4273,0.8828,0.22,MODERADO
1242,69,f,soltero,2,0,30724,120000,45310.57692307692,107717,3072.4,1.4748,0.8976,0.1,MODERADO
1243,22,m,soltero,0,1,9376,50000,39984.7923076923,36393,937.6,4.2646,0.7279,0.1,RIESGOSO
1244,59,m,unión libre,4,1,12847,15000,47950.06923076923,13844,2826.34,3.7324,0.9229,0.22,RIESGOSO
1245,52,m,soltero,0,0,20760,120000,45362.33076923077,85679,2076.0,2.1851,0.714,0.1,MODERADO
1246,26,m,soltero,4,0,12218,15000,35770.592307692306,2591,1221.8,2.9277,0.1727,0.1,RIESGOSO
1247,38,m,soltero,3,1,26087,50000,48593.67692307692,33269,2608.7,1.8628,0.6654,0.1,RIESGOSO
1248,32,f,divorciado,0,1,20538,50000,41430.8,2895,616.14,2.0173,0.0579,0.03,RIESGOSO
1249,41,m,casado,0,0,63672,80000,45971.33846153846,52729,6367.2,0.722,0.6591,0.1,MODERADO
1250,44,f,unión libre,1,1,45814,30000,32751.415384615382,6237,4581.4,0.7149,0.2079,0.1,SALUDABLE
1251,38,f,soltero,1,1,51203,50000,53647.14615384615,41046,5120.3,1.0477,0.8209,0.1,SALUDABLE
1252,60,m,soltero,3,1,29250,80000,35641.330769230764,15450,2925.0,1.2185,0.1931,0.1,RIESGOSO
1253,42,m,casado,4,1,20082,30000,51738.25384615384,8863,602.46,2.5763,0.2954,0.03,RIESGOSO
1254,56,f,soltero,3,1,44472,80000,41753.13076923077,20258,1334.16,0.9389,0.2532,0.03,RIESGOSO
1255,40,m,unión libre,1,1,42993,80000,41604.261538461535,64173,1289.79,0.9677,0.8022,0.03,MODERADO
1256,50,m,casado,3,0,33931,30000,55540.87692307692,13515,3393.1,1.6369,0.4505,0.1,RIESGOSO
1257,41,f,casado,2,0,21343,30000,40004.14615384615,4841,2134.3,1.8743,0.1614,0.1,RIESGOSO
1258,52,f,divorciado,1,0,76710,120000,49815.44615384616,19006,7671.0,0.6494,0.1584,0.1,SALUDABLE
1259,62,m,unión libre,2,1,65589,120000,43963.20769230769,13971,6558.9,0.6703,0.1164,0.1,SALUDABLE
1260,68,m,divorciado,0,0,26557,15000,50915.484615384616,5803,2655.7,1.9172,0.3869,0.1,RIESGOSO
1261,55,m,casado,1,1,30326,50000,64014.01538461538,18117,909.78,2.1109,0.3623,0.03,RIESGOSO
1262,44,f,unión libre,1,1,52837,15000,56691.40769230769,12255,5283.7,1.0729,0.817,0.1,SALUDABLE
1263,40,m,soltero,4,0,56865,15000,54422.56923076923,4841,1705.95,0.957,0.3227,0.03,SALUDABLE
1264,56,m,unión libre,0,1,21819,15000,40313.12307692308,8685,2181.9,1.8476,0.579,0.1,RIESGOSO
1265,66,m,divorciado,3,1,69985,15000,39276.21538461538,2402,15396.7,0.5612,0.1601,0.22,SALUDABLE
1266,20,f,unión libre,2,0,28618,80000,41324.81538461538,64266,858.54,1.444,0.8033,0.03,MODERADO
1267,42,m,soltero,1,0,69598,50000,33966.35384615385,13012,2087.94,0.488,0.2602,0.03,SALUDABLE
1268,24,f,soltero,0,1,74970,50000,41476.54615384615,34068,2249.1,0.5532,0.6814,0.03,SALUDABLE
1269,54,f,casado,0,1,32112,15000,37133.723076923074,3876,3211.2,1.1564,0.2584,0.1,RIESGOSO
1270,57,f,divorciado,3,0,51951,50000,44388.95384615385,34071,1558.53,0.8544,0.6814,0.03,SALUDABLE
1271,58,f,divorciado,1,0,79502,80000,40145.45384615385,50951,17490.44,0.505,0.6369,0.22,SALUDABLE
1272,48,m,divorciado,1,1,43494,30000,51387.730769230766,4308,4349.4,1.1815,0.1436,0.1,SALUDABLE
1273,64,m,soltero,3,0,71975,80000,47312.330769230764,48708,2159.25,0.6573,0.6088,0.03,MODERADO
1274,70,m,unión libre,2,0,36520,30000,40500.01538461538,28512,3652.0,1.109,0.9504,0.1,SALUDABLE
1275,66,m,soltero,1,1,71089,120000,51519.8,29341,2132.67,0.7247,0.2445,0.03,SALUDABLE
1276,38,m,divorciado,2,0,13466,15000,40575.1,2924,403.98,3.0132,0.1949,0.03,RIESGOSO
1277,42,m,divorciado,3,1,34798,15000,50714.230769230766,2687,3479.8,1.4574,0.1791,0.1,RIESGOSO
1278,51,f,soltero,0,1,33828,120000,45233.63076923077,78490,7442.16,1.3372,0.6541,0.22,MODERADO
1279,46,f,soltero,0,1,66940,80000,50339.230769230766,78642,6694.0,0.752,0.983,0.1,MODERADO
1280,29,m,unión libre,4,1,36443,15000,39755.32307692307,3441,3644.3,1.0909,0.2294,0.1,SALUDABLE
1281,57,m,casado,3,0,14297,30000,33876.653846153844,26716,1429.7,2.3695,0.8905,0.1,RIESGOSO
1282,38,m,casado,2,0,74770,50000,53664.761538461535,31800,16449.4,0.7177,0.636,0.22,SALUDABLE
1283,55,f,casado,4,1,72428,80000,46323.77692307692,33094,7242.8,0.6396,0.4137,0.1,SALUDABLE
1284,41,f,unión libre,4,1,61696,15000,45207.60769230769,5962,1850.88,0.7327,0.3975,0.03,SALUDABLE
1285,64,m,divorciado,4,1,9420,120000,39120.223076923074,90063,942.0,4.1529,0.7505,0.1,MODERADO
1286,40,m,divorciado,3,1,58658,120000,38729.88461538462,22855,5865.8,0.6603,0.1905,0.1,SALUDABLE
1287,26,m,soltero,4,1,45327,30000,45258.45384615385,1571,1359.81,0.9985,0.0524,0.03,RIESGOSO
1288,43,f,divorciado,0,1,13392,80000,47668.8,28773,1339.2,3.5595,0.3597,0.1,RIESGOSO
1289,57,f,divorciado,4,0,41988,50000,45638.26923076923,42359,4198.8,1.0869,0.8472,0.1,MODERADO
1290,66,f,divorciado,0,1,62328,80000,52564.58461538461,66388,13712.16,0.8434,0.8298,0.22,MODERADO
1291,68,f,divorciado,4,0,32499,30000,37618.59230769231,27088,974.97,1.1575,0.9029,0.03,RIESGOSO
1292,62,m,unión libre,2,0,64055,80000,34868.7,11871,6405.5,0.5444,0.1484,0.1,SALUDABLE
1293,19,m,unión libre,3,1,59161,120000,54081.66923076923,90893,5916.1,0.9141,0.7574,0.1,MODERADO
1294,49,m,divorciado,2,0,72563,50000,32021.00769230769,37962,15963.86,0.4413,0.7592,0.22,SALUDABLE
1295,42,m,divorciado,4,0,13037,120000,38208.661538461536,90480,1303.7,2.9308,0.754,0.1,MODERADO
1296,47,m,unión libre,0,0,44873,50000,53157.97692307692,24238,9872.06,1.1846,0.4848,0.22,SALUDABLE
1297,65,m,casado,3,0,38988,120000,44626.53846153846,65973,3898.8,1.1446,0.5498,0.1,MODERADO
1298,21,m,soltero,4,1,67128,15000,38946.93076923077,6046,6712.8,0.5802,0.4031,0.1,SALUDABLE
1299,31,m,soltero,4,1,36490,50000,30256.653846153844,42599,3649.0,0.8292,0.852,0.1,MODERADO
1300,36,m,casado,2,0,52356,80000,45830.24615384615,54969,5235.6,0.8754,0.6871,0.1,MODERADO
1301,27,m,divorciado,4,0,73794,80000,51661.11538461538,50090,7379.4,0.7001,0.6261,0.1,SALUDABLE
1302,46,m,casado,4,1,27931,15000,43466.06923076923,10509,6144.82,1.5562,0.7006,0.22,SALUDABLE
1303,67,m,unión libre,2,1,48104,80000,43156.43846153846,24907,4810.4,0.8971,0.3113,0.1,SALUDABLE
1304,52,f,divorciado,3,1,12055,30000,38446.80769230769,8288,361.65,3.1893,0.2763,0.03,RIESGOSO
1305,55,m,casado,2,1,55981,30000,41127.63076923077,15314,12315.82,0.7347,0.5105,0.22,SALUDABLE
1306,28,f,soltero,2,0,59741,80000,47115.52307692308,22746,5974.1,0.7887,0.2843,0.1,SALUDABLE
1307,50,m,divorciado,3,0,21547,80000,44205.73846153846,45967,646.41,2.0516,0.5746,0.03,RIESGOSO
1308,39,f,unión libre,2,1,56509,80000,39450.45384615385,2876,1695.27,0.6981,0.036,0.03,SALUDABLE
1309,29,f,casado,3,0,8335,30000,34176.1,20201,833.5,4.1003,0.6734,0.1,RIESGOSO
1310,21,f,divorciado,0,1,25637,120000,41162.77692307692,47277,2563.7,1.6056,0.394,0.1,MODERADO
1311,67,m,soltero,4,1,31581,80000,36104.73846153846,72122,3158.1,1.1432,0.9015,0.1,MODERADO
1312,63,m,divorciado,0,1,76420,30000,32346.046153846157,7456,16812.4,0.4233,0.2485,0.22,SALUDABLE
1313,20,m,unión libre,1,0,78504,120000,38882.369230769225,117086,7850.4,0.4953,0.9757,0.1,MODERADO
1314,25,f,unión libre,0,0,34856,30000,40538.36153846154,18119,7668.32,1.163,0.604,0.22,SALUDABLE
1315,39,m,casado,4,0,64504,120000,40813.78461538461,90798,1935.12,0.6327,0.7566,0.03,MODERADO
1316,58,f,soltero,3,1,36765,50000,39983.99230769231,23981,1102.95,1.0876,0.4796,0.03,RIESGOSO
1317,53,f,unión libre,4,0,52378,50000,50571.42307692308,44138,1571.34,0.9655,0.8828,0.03,MODERADO
1318,33,m,soltero,2,1,34332,30000,36678.85384615385,5932,3433.2,1.0684,0.1977,0.1,SALUDABLE
1319,64,f,soltero,3,1,23815,30000,54784.69230769231,25543,2381.5,2.3004,0.8514,0.1,RIESGOSO
1320,21,m,casado,2,1,78891,50000,51386.24615384615,14584,17356.02,0.6514,0.2917,0.22,SALUDABLE
1321,63,f,unión libre,4,1,47777,120000,37093.03846153846,61020,1433.31,0.7764,0.5085,0.03,MODERADO
1322,46,f,casado,3,1,70889,15000,51443.99230769231,12050,2126.67,0.7257,0.8033,0.03,SALUDABLE
1323,41,f,soltero,1,1,78303,80000,43250.56153846154,40273,2349.09,0.5523,0.5034,0.03,SALUDABLE
1324,64,f,soltero,4,1,70361,15000,54245.08461538461,12773,7036.1,0.771,0.8515,0.1,SALUDABLE
1325,37,m,unión libre,3,0,41218,50000,52276.93846153846,39299,9067.96,1.2683,0.786,0.22,SALUDABLE
1326,67,f,soltero,0,1,23952,30000,41636.97692307692,14832,5269.44,1.7384,0.4944,0.22,RIESGOSO
1327,22,f,soltero,0,1,17496,15000,38510.94615384616,5167,3849.12,2.2011,0.3445,0.22,RIESGOSO
1328,58,m,soltero,4,0,26529,50000,42719.88461538462,45024,2652.9,1.6103,0.9005,0.1,MODERADO
1329,46,m,soltero,3,1,33984,120000,38602.75384615384,84208,3398.4,1.1359,0.7017,0.1,MODERADO
1330,28,m,casado,4,0,50023,80000,49299.230769230766,1425,11005.06,0.9855,0.0178,0.22,SALUDABLE
1331,45,f,unión libre,3,1,17865,80000,53265.08461538461,65618,1786.5,2.9815,0.8202,0.1,MODERADO
1332,63,f,unión libre,4,0,51078,15000,57435.60769230769,10556,1532.34,1.1245,0.7037,0.03,SALUDABLE
1333,33,m,unión libre,3,1,24514,15000,38879.77692307692,4372,735.42,1.586,0.2915,0.03,RIESGOSO
1334,34,m,unión libre,4,0,20886,50000,29504.80769230769,41228,4594.92,1.4127,0.8246,0.22,MODERADO
1335,36,f,soltero,0,1,18980,120000,45027.06923076923,76022,4175.6,2.3723,0.6335,0.22,MODERADO
1336,58,f,divorciado,3,0,69290,50000,43048.65384615384,4544,6929.0,0.6213,0.0909,0.1,SALUDABLE
1337,70,f,divorciado,4,0,22172,120000,37763.14615384615,49829,665.16,1.7032,0.4152,0.03,MODERADO
1338,70,f,soltero,4,1,67415,15000,52052.82307692308,10237,6741.5,0.7721,0.6825,0.1,SALUDABLE
1339,63,m,casado,2,0,57090,30000,43083.58461538461,7009,12559.8,0.7547,0.2336,0.22,SALUDABLE
1340,42,f,unión libre,1,0,62645,15000,42965.00769230769,14951,6264.5,0.6858,0.9967,0.1,SALUDABLE
1341,63,m,divorciado,4,1,9106,15000,28555.76153846154,13410,2003.32,3.1359,0.894,0.22,RIESGOSO
1342,24,m,unión libre,4,0,51478,80000,41248.07692307692,6675,5147.8,0.8013,0.0834,0.1,SALUDABLE
1343,45,m,casado,0,1,52461,15000,31889.476923076923,5164,5246.1,0.6079,0.3443,0.1,SALUDABLE
1344,41,m,unión libre,4,0,69137,50000,42395.86923076923,31274,6913.7,0.6132,0.6255,0.1,SALUDABLE
1345,22,m,casado,2,1,28607,15000,45180.49230769231,3053,858.21,1.5794,0.2035,0.03,RIESGOSO
1346,45,m,unión libre,3,0,19517,30000,44714.62307692308,16700,4293.74,2.2911,0.5567,0.22,RIESGOSO
1347,62,m,unión libre,4,0,62243,30000,42660.62307692308,28531,6224.3,0.6854,0.951,0.1,SALUDABLE
1348,19,f,casado,2,0,59853,30000,36201.44615384616,18876,5985.3,0.6048,0.6292,0.1,SALUDABLE
1349,26,m,soltero,0,0,51918,120000,35599.36923076923,84928,5191.8,0.6857,0.7077,0.1,MODERADO
1350,26,m,unión libre,0,0,35308,30000,45918.0,12515,1059.24,1.3005,0.4172,0.03,RIESGOSO
1351,62,m,unión libre,2,1,63435,80000,61824.43846153846,22107,6343.5,0.9746,0.2763,0.1,SALUDABLE
1352,50,f,casado,1,1,16343,80000,40685.33846153846,1722,1634.3,2.4895,0.0215,0.1,RIESGOSO
1353,56,f,unión libre,4,0,16751,120000,36535.761538461535,30629,1675.1,2.1811,0.2552,0.1,RIESGOSO
1354,38,f,unión libre,4,0,28911,80000,55773.08461538461,56677,867.33,1.9291,0.7085,0.03,MODERADO
1355,34,m,soltero,2,1,37066,15000,45300.2923076923,7145,1111.98,1.2222,0.4763,0.03,RIESGOSO
1356,47,f,soltero,4,0,46149,80000,33492.96923076923,63554,1384.47,0.7258,0.7944,0.03,MODERADO
1357,64,m,soltero,3,0,46001,120000,58914.27692307692,14071,1380.03,1.2807,0.1173,0.03,RIESGOSO
1358,59,f,casado,1,1,32394,120000,45779.69230769231,81767,3239.4,1.4132,0.6814,0.1,MODERADO
1359,33,m,unión libre,3,0,23065,30000,38425.52307692308,21262,2306.5,1.666,0.7087,0.1,RIESGOSO
1360,47,f,divorciado,1,0,10898,50000,34668.092307692306,12676,2397.56,3.1811,0.2535,0.22,RIESGOSO
1361,29,f,divorciado,3,1,57149,15000,39042.70769230769,12849,12572.78,0.6832,0.8566,0.22,SALUDABLE
1362,48,m,unión libre,4,1,57784,15000,49905.44615384616,13000,12712.48,0.8637,0.8667,0.22,SALUDABLE
1363,18,f,casado,3,1,29262,120000,39846.11538461538,40915,2926.2,1.3617,0.341,0.1,MODERADO
1364,45,m,soltero,2,1,69898,30000,38693.46153846154,26231,6989.8,0.5536,0.8744,0.1,SALUDABLE
1365,50,m,soltero,4,1,50962,50000,35581.14615384615,47560,1528.86,0.6982,0.9512,0.03,MODERADO
1366,56,m,unión libre,4,0,19302,80000,47859.69230769231,16472,579.06,2.4795,0.2059,0.03,RIESGOSO
1367,63,m,casado,1,1,36897,50000,35580.89230769231,44216,3689.7,0.9643,0.8843,0.1,MODERADO
1368,59,f,divorciado,3,0,64321,50000,47882.35384615384,47606,1929.63,0.7444,0.9521,0.03,MODERADO
1369,46,f,divorciado,0,0,16968,50000,37233.761538461535,30803,3732.96,2.1944,0.6161,0.22,RIESGOSO
1370,37,m,soltero,3,1,34163,15000,32456.438461538462,11802,1024.89,0.95,0.7868,0.03,RIESGOSO
1371,26,f,soltero,1,0,29936,15000,43846.7,2149,2993.6,1.4647,0.1433,0.1,RIESGOSO
1372,45,m,divorciado,1,0,38590,80000,49775.75384615384,30505,3859.0,1.2899,0.3813,0.1,RIESGOSO
1373,24,m,soltero,3,0,74136,80000,49138.34615384615,78004,2224.08,0.6628,0.975,0.03,MODERADO
1374,56,f,unión libre,4,0,21974,50000,49436.74615384615,45135,659.22,2.2498,0.9027,0.03,RIESGOSO
1375,41,m,divorciado,1,0,58261,50000,45852.45384615385,23726,5826.1,0.787,0.4745,0.1,SALUDABLE
1376,40,f,unión libre,4,0,59885,50000,53502.11538461538,13685,5988.5,0.8934,0.2737,0.1,SALUDABLE
1377,51,f,soltero,1,0,29837,30000,49134.9,3174,6564.14,1.6468,0.1058,0.22,SALUDABLE
1378,55,m,casado,3,0,62216,15000,39589.54615384615,12463,1866.48,0.6363,0.8309,0.03,SALUDABLE
1379,26,m,casado,1,0,71386,50000,51498.73846153846,14297,7138.6,0.7214,0.2859,0.1,SALUDABLE
1380,20,m,divorciado,4,0,72434,80000,47830.80769230769,38405,7243.4,0.6603,0.4801,0.1,SALUDABLE
1381,66,m,unión libre,2,1,73936,30000,41904.9,2633,16265.92,0.5668,0.0878,0.22,SALUDABLE
1382,30,m,casado,3,1,24453,30000,33023.31538461539,17744,2445.3,1.3505,0.5915,0.1,RIESGOSO
1383,50,f,casado,4,0,56583,30000,43373.01538461538,18676,1697.49,0.7665,0.6225,0.03,SALUDABLE
1384,27,f,casado,1,0,28747,50000,48934.1,39309,2874.7,1.7022,0.7862,0.1,RIESGOSO
1385,48,f,unión libre,0,1,18289,30000,43511.484615384616,2228,1828.9,2.3791,0.0743,0.1,RIESGOSO
1386,37,m,unión libre,3,1,77220,50000,40886.761538461535,26291,2316.6,0.5295,0.5258,0.03,SALUDABLE
1387,20,m,casado,2,0,44421,80000,44987.09230769231,15527,4442.1,1.0127,0.1941,0.1,SALUDABLE
1388,25,f,soltero,1,0,67433,15000,36579.14615384615,14513,6743.3,0.5425,0.9675,0.1,SALUDABLE
1389,44,m,unión libre,3,0,23882,120000,43796.2923076923,46248,5254.04,1.8339,0.3854,0.22,MODERADO
1390,61,m,unión libre,4,1,39412,15000,38599.68461538461,12689,3941.2,0.9794,0.8459,0.1,SALUDABLE
1391,28,f,soltero,2,0,51964,30000,42806.415384615386,16686,5196.4,0.8238,0.5562,0.1,SALUDABLE
1392,67,m,unión libre,3,0,65736,120000,53490.00769230769,20904,6573.6,0.8137,0.1742,0.1,SALUDABLE
1393,67,f,casado,1,1,38940,30000,47904.59230769231,23946,3894.0,1.2302,0.7982,0.1,SALUDABLE
1394,58,m,casado,1,0,12871,120000,46315.62307692308,19920,1287.1,3.5984,0.166,0.1,RIESGOSO
1395,61,m,soltero,0,0,64038,30000,39481.43076923077,3967,6403.8,0.6165,0.1322,0.1,SALUDABLE
1396,27,m,casado,4,1,45348,15000,53293.97692307692,9603,4534.8,1.1752,0.6402,0.1,SALUDABLE
1397,48,m,divorciado,1,0,11496,30000,52570.70769230769,28676,344.88,4.573,0.9559,0.03,RIESGOSO
1398,37,m,soltero,3,0,33083,15000,36195.0,5232,3308.3,1.0941,0.3488,0.1,SALUDABLE
1399,54,f,divorciado,2,0,40333,50000,55560.11538461538,37188,8873.26,1.3775,0.7438,0.22,SALUDABLE
1400,63,f,divorciado,0,1,56528,15000,49084.10769230769,8203,12436.16,0.8683,0.5469,0.22,SALUDABLE
1401,62,m,casado,2,0,47461,80000,54037.65384615384,57461,4746.1,1.1386,0.7183,0.1,MODERADO
1402,18,m,soltero,2,1,77542,80000,54618.261538461535,74617,7754.2,0.7044,0.9327,0.1,MODERADO
1403,39,f,casado,0,0,19940,80000,38170.96153846154,24153,4386.8,1.9143,0.3019,0.22,RIESGOSO
1404,30,m,unión libre,1,1,74198,30000,42295.47692307692,10860,2225.94,0.57,0.362,0.03,SALUDABLE
1405,34,m,unión libre,3,0,29584,15000,40569.83076923077,7918,2958.4,1.3713,0.5279,0.1,RIESGOSO
1406,20,f,unión libre,4,1,45996,15000,35645.85384615384,12915,10119.12,0.775,0.861,0.22,SALUDABLE
1407,19,m,soltero,2,1,14482,120000,49891.37692307692,30626,1448.2,3.4451,0.2552,0.1,RIESGOSO
1408,43,f,casado,0,0,36648,30000,38697.661538461536,19434,3664.8,1.0559,0.6478,0.1,SALUDABLE
1409,26,m,soltero,3,1,42721,120000,45306.27692307692,12258,1281.63,1.0605,0.1022,0.03,RIESGOSO
1410,32,m,soltero,3,0,48701,120000,46972.66923076923,46068,4870.1,0.9645,0.3839,0.1,MODERADO
1411,50,m,soltero,3,1,61569,120000,49397.61538461538,53285,6156.9,0.8023,0.444,0.1,MODERADO
1412,40,m,casado,4,0,14948,15000,53422.56153846154,245,3288.56,3.5739,0.0163,0.22,RIESGOSO
1413,60,f,unión libre,4,1,8490,30000,31001.061538461538,8481,254.7,3.6515,0.2827,0.03,RIESGOSO
1414,28,f,casado,1,1,59197,50000,41467.39230769231,32905,1775.91,0.7005,0.6581,0.03,SALUDABLE
1415,37,m,casado,0,0,66993,15000,55646.20769230769,1489,6699.3,0.8306,0.0993,0.1,SALUDABLE
1416,63,m,unión libre,0,1,76154,30000,45544.89230769231,15990,2284.62,0.5981,0.533,0.03,SALUDABLE
1417,65,f,divorciado,2,0,47404,15000,41652.876923076925,7242,10428.88,0.8787,0.4828,0.22,SALUDABLE
1418,40,m,soltero,1,0,51034,30000,47949.93076923077,27287,5103.4,0.9396,0.9096,0.1,SALUDABLE
1419,59,f,unión libre,2,0,43823,15000,49556.64615384615,9140,1314.69,1.1308,0.6093,0.03,RIESGOSO
1420,65,m,casado,2,0,65067,80000,49562.0,73927,6506.7,0.7617,0.9241,0.1,MODERADO
1421,50,f,divorciado,2,0,76098,50000,44142.16923076923,11136,7609.8,0.5801,0.2227,0.1,SALUDABLE
1422,41,m,casado,0,1,42560,15000,51563.84615384615,11255,1276.8,1.2116,0.7503,0.03,RIESGOSO
1423,49,f,soltero,1,1,25286,120000,37521.66923076923,2703,5562.92,1.4839,0.0225,0.22,RIESGOSO
1424,33,f,divorciado,1,1,74849,15000,44165.32307692307,5325,2245.47,0.5901,0.355,0.03,SALUDABLE
1425,32,m,divorciado,2,1,62276,120000,45277.75384615384,112654,13700.72,0.727,0.9388,0.22,MODERADO
1426,48,m,casado,4,0,9115,80000,49285.69230769231,33001,2005.3,5.4071,0.4125,0.22,RIESGOSO
1427,56,f,divorciado,2,1,73980,120000,53492.52307692308,30218,7398.0,0.7231,0.2518,0.1,SALUDABLE
1428,44,m,soltero,4,0,16786,50000,37364.44615384616,41776,1678.6,2.2259,0.8355,0.1,RIESGOSO
1429,49,m,casado,4,1,29659,50000,37217.42307692308,40586,2965.9,1.2548,0.8117,0.1,MODERADO
1430,44,m,soltero,3,1,30458,120000,44089.84615384616,75696,913.74,1.4476,0.6308,0.03,MODERADO
1431,53,f,casado,2,0,29344,80000,45189.1,60303,2934.4,1.54,0.7538,0.1,MODERADO
1432,43,f,casado,1,1,49019,50000,39792.24615384615,28810,4901.9,0.8118,0.5762,0.1,SALUDABLE
1433,65,f,soltero,2,1,21998,50000,41110.56923076923,39431,659.94,1.8688,0.7886,0.03,RIESGOSO
1434,31,m,unión libre,1,1,49601,15000,43955.84615384616,5632,4960.1,0.8862,0.3755,0.1,SALUDABLE
1435,29,m,casado,0,1,74212,80000,36920.3,60763,2226.36,0.4975,0.7595,0.03,MODERADO
1436,65,f,divorciado,1,0,59178,30000,41058.17692307692,24818,5917.8,0.6938,0.8273,0.1,SALUDABLE
1437,20,f,casado,3,0,49625,120000,32024.615384615383,103078,1488.75,0.6453,0.859,0.03,MODERADO
1438,37,m,casado,4,0,13946,50000,41707.18461538461,17736,418.38,2.9906,0.3547,0.03,RIESGOSO
1439,60,m,unión libre,1,0,43001,80000,46630.2923076923,57571,9460.22,1.0844,0.7196,0.22,MODERADO
1440,40,f,divorciado,4,0,61340,15000,38738.13076923077,12307,13494.8,0.6315,0.8205,0.22,SALUDABLE
1441,66,f,unión libre,3,1,8782,120000,40293.25384615384,74650,263.46,4.5882,0.6221,0.03,RIESGOSO
1442,69,f,soltero,0,1,71754,15000,34520.96923076923,766,7175.4,0.4811,0.0511,0.1,SALUDABLE
1443,62,m,unión libre,4,0,74315,30000,30829.26153846154,16322,2229.45,0.4148,0.5441,0.03,SALUDABLE
1444,55,m,casado,1,1,22938,50000,38673.56923076923,28958,2293.8,1.686,0.5792,0.1,RIESGOSO
1445,67,m,soltero,3,1,21776,120000,40818.92307692308,40754,653.28,1.8745,0.3396,0.03,RIESGOSO
1446,23,f,casado,0,1,19057,15000,37897.46153846154,8686,571.71,1.9886,0.5791,0.03,RIESGOSO
1447,54,f,soltero,3,1,43511,30000,42766.62307692308,15077,9572.42,0.9829,0.5026,0.22,SALUDABLE
1448,55,f,divorciado,0,0,28379,50000,41881.63846153846,19639,6243.38,1.4758,0.3928,0.22,SALUDABLE
1449,25,m,unión libre,2,1,21334,120000,45482.307692307695,12072,2133.4,2.1319,0.1006,0.1,RIESGOSO
1450,28,m,divorciado,4,1,76465,15000,37243.56153846154,8727,16822.3,0.4871,0.5818,0.22,SALUDABLE
1451,49,f,casado,2,1,36002,120000,43720.63846153846,65012,1080.06,1.2144,0.5418,0.03,MODERADO
1452,48,f,soltero,4,0,78025,30000,35516.13846153846,23703,17165.5,0.4552,0.7901,0.22,SALUDABLE
1453,58,m,soltero,2,1,38070,120000,45087.43076923077,52691,1142.1,1.1843,0.4391,0.03,MODERADO
1454,62,f,casado,0,0,54861,50000,37827.06153846154,29683,5486.1,0.6895,0.5937,0.1,SALUDABLE
1455,42,f,soltero,0,0,70804,80000,38438.42307692308,44509,7080.4,0.5429,0.5564,0.1,SALUDABLE
1456,32,f,divorciado,3,1,63974,80000,52655.053846153845,22944,1919.22,0.8231,0.2868,0.03,SALUDABLE
1457,61,f,soltero,1,1,34523,30000,42256.03846153846,24113,3452.3,1.224,0.8038,0.1,SALUDABLE
1458,33,f,casado,1,1,41997,15000,36883.27692307692,13738,1259.91,0.8782,0.9159,0.03,SALUDABLE
1459,49,f,unión libre,1,1,18269,15000,57206.1,11034,1826.9,3.1313,0.7356,0.1,RIESGOSO
1460,20,m,casado,2,0,25651,30000,55516.02307692308,22345,2565.1,2.1643,0.7448,0.1,RIESGOSO
1461,61,f,divorciado,3,0,30045,120000,34994.13076923077,20059,3004.5,1.1647,0.1672,0.1,RIESGOSO
1462,59,f,casado,4,1,12472,15000,34772.446153846155,4349,1247.2,2.788,0.2899,0.1,RIESGOSO
1463,38,m,divorciado,0,0,74207,15000,42176.161538461536,3898,2226.21,0.5684,0.2599,0.03,SALUDABLE
1464,34,m,unión libre,3,0,76269,120000,48473.93076923077,34534,2288.07,0.6356,0.2878,0.03,MODERADO
1465,47,m,divorciado,3,1,23754,120000,41892.84615384616,50164,712.62,1.7636,0.418,0.03,MODERADO
1466,64,f,casado,2,1,46209,120000,40313.43846153846,81882,1386.27,0.8724,0.6824,0.03,MODERADO
1467,21,f,divorciado,2,0,11769,120000,51821.18461538461,91438,353.07,4.4032,0.762,0.03,MODERADO
1468,19,f,unión libre,3,1,46586,120000,39338.9,37042,4658.6,0.8444,0.3087,0.1,MODERADO
1469,64,m,casado,3,0,55263,120000,39126.86923076923,96776,5526.3,0.708,0.8065,0.1,MODERADO
1470,62,f,unión libre,2,0,66734,80000,56479.07692307692,66504,2002.02,0.8463,0.8313,0.03,MODERADO
1471,32,f,soltero,0,0,68148,80000,51124.61538461538,37776,14992.56,0.7502,0.4722,0.22,SALUDABLE
1472,56,m,divorciado,4,0,74732,80000,49857.13846153846,384,2241.96,0.6671,0.0048,0.03,SALUDABLE
1473,67,m,casado,3,0,39213,50000,35464.36923076923,26665,3921.3,0.9044,0.5333,0.1,SALUDABLE
1474,55,m,casado,0,0,33230,80000,44749.93076923077,36360,3323.0,1.3467,0.4545,0.1,RIESGOSO
1475,70,f,soltero,4,1,46200,15000,58781.330769230764,3391,4620.0,1.2723,0.2261,0.1,SALUDABLE
1476,56,m,unión libre,3,1,62918,50000,32785.47692307692,33341,13841.96,0.5211,0.6668,0.22,SALUDABLE
1477,70,f,divorciado,4,0,69348,120000,41303.89230769231,52054,6934.8,0.5956,0.4338,0.1,MODERADO
1478,36,f,divorciado,4,0,41112,80000,35978.27692307692,76629,4111.2,0.8751,0.9579,0.1,MODERADO
1479,34,f,soltero,1,0,58282,120000,46345.68461538461,41076,1748.46,0.7952,0.3423,0.03,MODERADO
1480,33,f,unión libre,3,1,18639,80000,48864.69230769231,52474,4100.58,2.6216,0.6559,0.22,RIESGOSO
1481,45,f,soltero,3,0,58399,50000,45665.53846153846,24732,12847.78,0.782,0.4946,0.22,SALUDABLE
1482,68,m,casado,4,1,28576,30000,46787.27692307692,22669,857.28,1.6373,0.7556,0.03,RIESGOSO
1483,51,m,soltero,2,1,43102,15000,37533.26923076923,10067,4310.2,0.8708,0.6711,0.1,SALUDABLE
1484,40,m,unión libre,0,1,27559,15000,58095.65384615384,13974,6062.98,2.108,0.9316,0.22,RIESGOSO
1485,23,f,unión libre,2,1,65573,30000,49460.14615384615,29863,1967.19,0.7543,0.9954,0.03,SALUDABLE
1486,50,f,divorciado,3,1,64031,15000,48110.407692307694,3291,1920.93,0.7514,0.2194,0.03,SALUDABLE
1487,41,f,soltero,0,1,42335,15000,55629.36153846153,8445,1270.05,1.314,0.563,0.03,RIESGOSO
1488,51,f,soltero,4,0,60864,120000,46302.1,46199,6086.4,0.7607,0.385,0.1,MODERADO
1489,20,f,unión libre,2,0,20466,50000,36315.0,4038,613.98,1.7744,0.0808,0.03,RIESGOSO
1490,21,m,soltero,1,0,69934,50000,53776.761538461535,45174,15385.48,0.769,0.9035,0.22,SALUDABLE
1491,46,f,soltero,0,0,42360,30000,55492.4,15903,9319.2,1.31,0.5301,0.22,SALUDABLE
1492,40,m,casado,4,1,25823,80000,36335.86153846153,8012,2582.3,1.4071,0.1002,0.1,RIESGOSO
1493,56,f,divorciado,1,0,71321,30000,34242.907692307694,26522,7132.1,0.4801,0.8841,0.1,SALUDABLE
1494,53,m,casado,0,1,21818,30000,45957.261538461535,1205,2181.8,2.1064,0.0402,0.1,RIESGOSO
1495,69,m,divorciado,2,1,23709,120000,49159.12307692308,43091,2370.9,2.0734,0.3591,0.1,RIESGOSO
1496,24,m,divorciado,3,1,45506,120000,56713.32307692307,90281,10011.32,1.2463,0.7523,0.22,MODERADO
1497,46,f,soltero,3,0,25316,80000,46531.161538461536,8336,2531.6,1.838,0.1042,0.1,RIESGOSO
1498,53,m,divorciado,2,0,62126,120000,48228.41538461538,12103,6212.6,0.7763,0.1009,0.1,SALUDABLE
1499,67,f,casado,0,1,40898,120000,34724.592307692306,55372,8997.56,0.8491,0.4614,0.22,MODERADO
1500,61,m,divorciado,4,0,27397,80000,44020.53076923077,35510,2739.7,1.6068,0.4439,0.1,RIESGOSO
1501,35,f,soltero,0,0,25029,80000,40346.56923076923,67726,2502.9,1.612,0.8466,0.1,MODERADO
1502,56,f,soltero,4,0,69308,30000,58019.43846153846,29573,6930.8,0.8371,0.9858,0.1,SALUDABLE
1503,35,m,divorciado,1,1,51829,80000,33517.83076923077,39483,5182.9,0.6467,0.4935,0.1,SALUDABLE
1504,27,m,unión libre,3,0,14882,30000,55451.74615384615,22565,446.46,3.7261,0.7522,0.03,RIESGOSO
1505,34,m,unión libre,3,0,64591,15000,41526.376923076925,12476,6459.1,0.6429,0.8317,0.1,SALUDABLE
1506,69,m,divorciado,3,0,43798,30000,31306.66923076923,11556,4379.8,0.7148,0.3852,0.1,SALUDABLE
1507,24,m,soltero,0,0,79383,15000,53627.82307692307,9889,2381.49,0.6756,0.6593,0.03,SALUDABLE
1508,37,f,divorciado,1,0,55877,30000,44927.730769230766,20469,5587.7,0.804,0.6823,0.1,SALUDABLE
1509,23,f,casado,1,0,73989,120000,49072.03846153846,31283,16277.58,0.6632,0.2607,0.22,SALUDABLE
1510,47,m,casado,3,1,37873,80000,40808.984615384616,55797,3787.3,1.0775,0.6975,0.1,MODERADO
1511,42,m,soltero,3,0,59229,50000,42116.63076923077,38993,1776.87,0.7111,0.7799,0.03,SALUDABLE
1512,32,m,divorciado,0,0,10564,15000,54901.18461538461,9502,1056.4,5.197,0.6335,0.1,RIESGOSO
1513,36,f,unión libre,1,0,69218,80000,47585.161538461536,11158,6921.8,0.6875,0.1395,0.1,SALUDABLE
1514,25,f,divorciado,1,1,37696,50000,41135.85384615384,34050,3769.6,1.0913,0.681,0.1,SALUDABLE
1515,27,m,divorciado,0,1,13482,50000,50419.90769230769,33942,1348.2,3.7398,0.6788,0.1,RIESGOSO
1516,37,m,divorciado,4,1,67436,80000,46639.04615384615,32160,6743.6,0.6916,0.402,0.1,SALUDABLE
1517,19,m,divorciado,2,1,13377,15000,54959.56153846154,12467,401.31,4.1085,0.8311,0.03,RIESGOSO
1518,25,m,soltero,3,0,26554,30000,37454.28461538461,16367,5841.88,1.4105,0.5456,0.22,SALUDABLE
1519,61,m,casado,2,0,23344,15000,38853.8,5268,2334.4,1.6644,0.3512,0.1,RIESGOSO
1520,63,m,soltero,1,0,42672,120000,47635.38461538461,13022,4267.2,1.1163,0.1085,0.1,SALUDABLE
1521,46,m,unión libre,3,0,21338,50000,53019.88461538462,35856,640.14,2.4848,0.7171,0.03,RIESGOSO
1522,67,f,soltero,4,0,22894,80000,44060.93846153846,74859,2289.4,1.9246,0.9357,0.1,MODERADO
1523,32,f,soltero,2,1,37721,120000,41189.37692307692,665,3772.1,1.0919,0.0055,0.1,RIESGOSO
1524,21,f,casado,4,1,51164,15000,33015.261538461535,12692,5116.4,0.6453,0.8461,0.1,SALUDABLE
1525,46,f,soltero,0,1,12032,120000,59103.53076923077,101276,2647.04,4.9122,0.844,0.22,MODERADO
1526,62,m,divorciado,3,0,72812,120000,42652.3,89687,2184.36,0.5858,0.7474,0.03,MODERADO
1527,50,f,soltero,1,1,50924,120000,41576.42307692308,87931,5092.4,0.8164,0.7328,0.1,MODERADO
1528,32,f,divorciado,4,0,49871,15000,38648.2,1099,1496.13,0.775,0.0733,0.03,SALUDABLE
1529,31,f,soltero,0,0,69559,15000,37328.95384615385,4283,15302.98,0.5367,0.2855,0.22,SALUDABLE
1530,50,m,soltero,4,1,35856,15000,46577.88461538462,7374,7888.32,1.299,0.4916,0.22,SALUDABLE
1531,66,m,unión libre,2,0,76136,15000,51445.59230769231,7724,2284.08,0.6757,0.5149,0.03,SALUDABLE
1532,43,f,unión libre,3,0,19948,80000,38358.81538461538,65418,1994.8,1.9229,0.8177,0.1,MODERADO
1533,24,m,divorciado,3,0,75695,15000,39493.2923076923,4657,2270.85,0.5217,0.3105,0.03,SALUDABLE
1534,43,m,casado,1,0,16541,120000,38416.94615384616,96684,496.23,2.3225,0.8057,0.03,MODERADO
1535,60,f,casado,2,1,47738,15000,48816.99230769231,213,4773.8,1.0226,0.0142,0.1,SALUDABLE
1536,61,m,divorciado,1,1,36387,120000,48548.2,116080,3638.7,1.3342,0.9673,0.1,MODERADO
1537,24,f,casado,1,1,45004,15000,48471.51538461538,4399,1350.12,1.077,0.2933,0.03,RIESGOSO
1538,64,m,divorciado,4,0,11038,15000,40918.04615384615,13284,1103.8,3.707,0.8856,0.1,RIESGOSO
1539,32,m,divorciado,0,1,45721,15000,43498.223076923074,10864,10058.62,0.9514,0.7243,0.22,SALUDABLE
1540,52,f,casado,1,1,53197,80000,49405.23846153846,79827,1595.91,0.9287,0.9978,0.03,MODERADO
1541,54,f,casado,0,0,41757,50000,35105.88461538462,29901,4175.7,0.8407,0.598,0.1,SALUDABLE
1542,45,m,divorciado,0,1,72138,80000,37298.45384615385,50233,15870.36,0.517,0.6279,0.22,SALUDABLE
1543,46,m,unión libre,4,0,37393,80000,53026.12307692308,14595,3739.3,1.4181,0.1824,0.1,RIESGOSO
1544,70,f,casado,2,1,31937,80000,47866.31538461538,70979,3193.7,1.4988,0.8872,0.1,MODERADO
1545,46,m,casado,1,0,60954,30000,42419.03076923077,27027,1828.62,0.6959,0.9009,0.03,SALUDABLE
1546,25,m,unión libre,1,1,68763,80000,36109.723076923074,3686,6876.3,0.5251,0.0461,0.1,SALUDABLE
1547,52,m,unión libre,4,0,62272,15000,43173.56153846154,3377,6227.2,0.6933,0.2251,0.1,SALUDABLE
1548,31,f,casado,0,1,29936,15000,37610.08461538461,3782,898.08,1.2563,0.2521,0.03,RIESGOSO
1549,21,f,soltero,4,0,24672,120000,35985.82307692307,24312,2467.2,1.4586,0.2026,0.1,RIESGOSO
1550,21,f,unión libre,0,0,44619,30000,40420.96153846154,4024,1338.57,0.9059,0.1341,0.03,SALUDABLE
1551,51,f,unión libre,3,0,51622,30000,36134.88461538462,6277,5162.2,0.7,0.2092,0.1,SALUDABLE
1552,57,f,casado,4,1,28585,120000,46070.54615384615,2658,2858.5,1.6117,0.0222,0.1,RIESGOSO
1553,27,f,unión libre,3,0,59822,50000,51774.69230769231,41985,1794.66,0.8655,0.8397,0.03,MODERADO
1554,44,f,soltero,3,0,27359,80000,39142.92307692308,53575,820.77,1.4307,0.6697,0.03,MODERADO
1555,26,m,unión libre,3,1,43810,15000,28048.846153846152,6643,4381.0,0.6402,0.4429,0.1,SALUDABLE
1556,29,m,soltero,1,0,49379,50000,49065.94615384616,3929,10863.38,0.9937,0.0786,0.22,SALUDABLE
1557,51,m,divorciado,0,0,44396,120000,40854.64615384615,111842,9767.12,0.9202,0.932,0.22,MODERADO
1558,54,m,soltero,3,1,48844,15000,42126.8,2294,4884.4,0.8625,0.1529,0.1,SALUDABLE
1559,41,f,casado,0,1,68528,80000,38059.11538461538,50518,2055.84,0.5554,0.6315,0.03,MODERADO
1560,31,f,unión libre,1,0,51303,30000,50787.02307692308,5677,11286.66,0.9899,0.1892,0.22,SALUDABLE
1561,44,m,unión libre,2,0,49879,80000,35520.30769230769,37127,4987.9,0.7121,0.4641,0.1,SALUDABLE
1562,56,f,unión libre,2,0,69400,15000,37714.06923076923,7437,2082.0,0.5434,0.4958,0.03,SALUDABLE
1563,44,m,casado,0,1,15509,30000,49753.76923076923,5367,1550.9,3.2081,0.1789,0.1,RIESGOSO
1564,62,m,unión libre,2,1,16866,120000,44104.43076923077,114216,1686.6,2.615,0.9518,0.1,MODERADO
1565,67,m,casado,2,0,46489,50000,36949.46923076923,41494,4648.9,0.7948,0.8299,0.1,SALUDABLE
1566,63,f,casado,2,1,55147,50000,36556.03076923077,27212,12132.34,0.6629,0.5442,0.22,SALUDABLE
1567,30,m,casado,0,0,31792,120000,39421.53076923077,80516,3179.2,1.24,0.671,0.1,MODERADO
1568,67,f,soltero,1,1,70869,50000,37968.73846153846,7486,7086.9,0.5358,0.1497,0.1,SALUDABLE
1569,42,f,unión libre,1,1,59249,30000,54672.59230769231,14572,5924.9,0.9228,0.4857,0.1,SALUDABLE
1570,32,f,unión libre,3,0,26491,15000,53235.45384615385,4,2649.1,2.0096,0.0003,0.1,RIESGOSO
1571,50,f,casado,0,1,44249,15000,51508.46923076923,13227,4424.9,1.1641,0.8818,0.1,SALUDABLE
1572,54,f,unión libre,3,0,79456,15000,43158.08461538461,7535,17480.32,0.5432,0.5023,0.22,SALUDABLE
1573,18,f,divorciado,2,0,9397,80000,47019.12307692308,69725,939.7,5.0036,0.8716,0.1,RIESGOSO
1574,64,f,casado,1,1,25110,120000,39405.01538461538,3932,5524.2,1.5693,0.0328,0.22,RIESGOSO
1575,70,f,soltero,4,0,73880,30000,36164.03846153846,4525,7388.0,0.4895,0.1508,0.1,SALUDABLE
1576,22,m,unión libre,2,0,26185,50000,43339.06923076923,33960,2618.5,1.6551,0.6792,0.1,RIESGOSO
1577,70,m,casado,4,0,53688,80000,35739.592307692306,41136,5368.8,0.6657,0.5142,0.1,SALUDABLE
1578,50,f,unión libre,0,0,64045,15000,38527.68461538461,11387,14089.9,0.6016,0.7591,0.22,SALUDABLE
1579,34,f,casado,1,0,10352,50000,49874.02307692308,12732,2277.44,4.8178,0.2546,0.22,RIESGOSO
1580,56,f,divorciado,4,0,33699,80000,35980.53076923077,76785,3369.9,1.0677,0.9598,0.1,MODERADO
1581,56,m,divorciado,1,1,13581,30000,37250.56923076923,10639,407.43,2.7428,0.3546,0.03,RIESGOSO
1582,29,f,soltero,2,1,23774,120000,37761.307692307695,62598,2377.4,1.5883,0.5216,0.1,MODERADO
1583,29,m,divorciado,4,0,77241,15000,47426.04615384615,1849,2317.23,0.614,0.1233,0.03,SALUDABLE
1584,25,m,soltero,3,0,16465,120000,46081.66923076923,107342,493.95,2.7988,0.8945,0.03,MODERADO
1585,30,m,soltero,4,1,76186,50000,39572.407692307694,6416,7618.6,0.5194,0.1283,0.1,SALUDABLE
1586,33,m,unión libre,0,0,12828,120000,53483.36153846153,84781,1282.8,4.1693,0.7065,0.1,MODERADO
1587,19,f,divorciado,1,0,11993,30000,55540.44615384616,13183,2638.46,4.6311,0.4394,0.22,RIESGOSO
1588,70,m,divorciado,2,0,23536,120000,42902.2,64442,2353.6,1.8228,0.537,0.1,MODERADO
1589,46,m,casado,4,0,15182,80000,54465.44615384616,33606,3340.04,3.5875,0.4201,0.22,RIESGOSO
1590,36,f,soltero,0,1,52092,15000,45754.4,6167,11460.24,0.8783,0.4111,0.22,SALUDABLE
1591,25,f,casado,3,1,62563,15000,41362.53846153846,7276,6256.3,0.6611,0.4851,0.1,SALUDABLE
1592,42,m,soltero,1,0,77458,30000,47189.0,15186,2323.74,0.6092,0.5062,0.03,SALUDABLE
1593,38,f,casado,2,0,13851,120000,48409.415384615386,94587,415.53,3.495,0.7882,0.03,MODERADO
1594,66,f,unión libre,4,0,47106,50000,36099.723076923074,19809,4710.6,0.7664,0.3962,0.1,SALUDABLE
1595,33,m,soltero,2,1,48625,50000,47726.70769230769,45904,1458.75,0.9815,0.9181,0.03,MODERADO
1596,69,m,unión libre,2,0,35670,80000,52740.56923076923,15243,1070.1,1.4786,0.1905,0.03,RIESGOSO
1597,29,m,casado,1,1,51364,15000,55985.36153846153,11869,5136.4,1.09,0.7913,0.1,SALUDABLE
1598,36,f,divorciado,3,0,13726,50000,50631.03076923077,15301,1372.6,3.6887,0.306,0.1,RIESGOSO
1599,24,f,unión libre,3,1,13313,80000,44430.338461538464,54276,1331.3,3.3374,0.6784,0.1,RIESGOSO
1600,62,m,soltero,0,0,54159,15000,47986.876923076925,4505,5415.9,0.886,0.3003,0.1,SALUDABLE
1601,64,m,casado,1,1,21479,120000,50814.07692307692,112958,644.37,2.3658,0.9413,0.03,MODERADO
1602,62,f,casado,2,1,72428,80000,51194.33846153846,54771,7242.8,0.7068,0.6846,0.1,MODERADO
1603,62,m,casado,1,0,37724,15000,42996.76923076923,7204,3772.4,1.1398,0.4803,0.1,SALUDABLE
1604,27,m,divorciado,4,0,9239,120000,57403.45384615385,88514,923.9,6.2132,0.7376,0.1,RIESGOSO
1605,52,f,soltero,3,0,69118,80000,53414.53076923077,28486,6911.8,0.7728,0.3561,0.1,SALUDABLE
1606,42,m,unión libre,2,0,34853,30000,41373.51538461538,6924,1045.59,1.1871,0.2308,0.03,RIESGOSO
1607,33,m,divorciado,0,1,18522,30000,46382.80769230769,7442,1852.2,2.5042,0.2481,0.1,RIESGOSO
1608,49,f,casado,0,0,10962,50000,44777.15384615384,312,328.86,4.0848,0.0062,0.03,RIESGOSO
1609,46,m,casado,3,0,41158,80000,36899.553846153845,52007,1234.74,0.8965,0.6501,0.03,MODERADO
1610,23,f,unión libre,1,1,51487,15000,49834.25384615384,12190,5148.7,0.9679,0.8127,0.1,SALUDABLE
1611,49,m,soltero,3,1,52768,50000,51898.053846153845,29667,5276.8,0.9835,0.5933,0.1,SALUDABLE
1612,33,m,divorciado,1,1,26071,120000,37627.4,54122,5735.62,1.4433,0.451,0.22,MODERADO
1613,56,f,casado,1,0,32617,30000,43972.96153846154,11184,7175.74,1.3482,0.3728,0.22,SALUDABLE
1614,31,f,unión libre,4,1,46223,15000,43958.32307692307,1654,1386.69,0.951,0.1103,0.03,SALUDABLE
1615,67,f,casado,3,1,48429,30000,44945.661538461536,16929,10654.38,0.9281,0.5643,0.22,SALUDABLE
1616,26,m,casado,4,0,74184,15000,54776.57692307692,4828,7418.4,0.7384,0.3219,0.1,SALUDABLE
1617,35,m,soltero,0,1,37606,120000,39201.32307692308,78769,3760.6,1.0424,0.6564,0.1,MODERADO
1618,37,m,divorciado,1,1,78294,30000,45501.02307692308,9952,2348.82,0.5812,0.3317,0.03,SALUDABLE
1619,38,m,soltero,2,0,26190,120000,41438.39230769231,1480,2619.0,1.5822,0.0123,0.1,RIESGOSO
1620,23,f,soltero,3,1,79108,120000,36069.46153846154,40041,2373.24,0.456,0.3337,0.03,MODERADO
1621,57,f,casado,2,1,22381,80000,50163.38461538461,51012,2238.1,2.2413,0.6377,0.1,RIESGOSO
1622,46,m,divorciado,1,0,20469,120000,56452.95384615385,84283,2046.9,2.758,0.7024,0.1,MODERADO
1623,42,m,unión libre,1,1,76879,80000,41615.330769230764,31854,7687.9,0.5413,0.3982,0.1,SALUDABLE
1624,46,m,casado,2,0,12023,15000,54538.96923076923,6819,1202.3,4.5362,0.4546,0.1,RIESGOSO
1625,45,f,divorciado,4,0,57565,80000,34874.2,34681,1726.95,0.6058,0.4335,0.03,SALUDABLE
1626,31,f,divorciado,3,1,21491,120000,42925.88461538461,68407,644.73,1.9974,0.5701,0.03,MODERADO
1627,43,f,casado,4,1,74624,30000,54786.25384615384,7444,16417.28,0.7342,0.2481,0.22,SALUDABLE
1628,54,f,soltero,2,1,37716,30000,40097.84615384615,28133,1131.48,1.0632,0.9378,0.03,RIESGOSO
1629,62,m,soltero,1,1,56996,50000,39810.93076923077,41487,1709.88,0.6985,0.8297,0.03,MODERADO
1630,42,m,casado,4,0,25015,120000,46184.43076923077,91089,2501.5,1.8463,0.7591,0.1,MODERADO
1631,41,m,soltero,3,0,51456,15000,47038.63846153846,12699,1543.68,0.9142,0.8466,0.03,SALUDABLE
1632,25,m,divorciado,3,1,16327,30000,48230.0,18907,1632.7,2.954,0.6302,0.1,RIESGOSO
1633,23,m,soltero,1,0,19722,15000,41778.06923076923,12090,4338.84,2.1183,0.806,0.22,RIESGOSO
1634,58,f,casado,4,1,62202,120000,35509.60769230769,42840,1866.06,0.5709,0.357,0.03,MODERADO
1635,24,f,soltero,1,1,27129,30000,33042.761538461535,29326,5968.38,1.218,0.9775,0.22,SALUDABLE
1636,55,f,soltero,4,0,70267,50000,45866.56153846154,16973,2108.01,0.6527,0.3395,0.03,SALUDABLE
1637,19,m,soltero,4,0,59878,15000,53222.0,12414,13173.16,0.8888,0.8276,0.22,SALUDABLE
1638,18,f,soltero,3,1,21405,15000,32234.32307692308,13893,2140.5,1.5059,0.9262,0.1,RIESGOSO
1639,68,f,soltero,0,1,39429,50000,37379.7923076923,17611,3942.9,0.948,0.3522,0.1,SALUDABLE
1640,59,f,soltero,3,0,29365,30000,46746.60769230769,12666,2936.5,1.5919,0.4222,0.1,RIESGOSO
1641,35,f,unión libre,2,0,47938,30000,53185.63846153846,29272,1438.14,1.1095,0.9757,0.03,SALUDABLE
1642,20,m,divorciado,3,0,12980,80000,39782.80769230769,12983,1298.0,3.0649,0.1623,0.1,RIESGOSO
1643,31,f,casado,4,1,49515,15000,39740.43846153846,994,10893.3,0.8026,0.0663,0.22,SALUDABLE
1644,57,m,soltero,0,0,29734,30000,51792.13846153846,16618,2973.4,1.7418,0.5539,0.1,RIESGOSO
1645,29,m,unión libre,4,1,59318,120000,53158.86153846153,77740,5931.8,0.8962,0.6478,0.1,MODERADO
1646,58,m,divorciado,0,1,47859,30000,43443.484615384616,24858,1435.77,0.9077,0.8286,0.03,SALUDABLE
1647,54,m,soltero,2,0,30488,80000,47353.3,78092,3048.8,1.5532,0.9762,0.1,MODERADO
1648,68,f,casado,2,1,51386,50000,40548.44615384616,24421,5138.6,0.7891,0.4884,0.1,SALUDABLE
1649,30,m,soltero,1,1,73822,120000,43312.86153846154,3295,16240.84,0.5867,0.0275,0.22,SALUDABLE
1650,23,m,soltero,1,0,49572,120000,44314.63846153846,34532,4957.2,0.8939,0.2878,0.1,MODERADO
1651,34,m,unión libre,0,1,21960,50000,50770.2923076923,49140,2196.0,2.3119,0.9828,0.1,RIESGOSO
1652,41,f,divorciado,1,1,55267,30000,45300.77692307692,28098,5526.7,0.8197,0.9366,0.1,SALUDABLE
1653,67,m,soltero,2,0,12043,30000,41046.86923076923,11955,1204.3,3.4084,0.3985,0.1,RIESGOSO
1654,27,m,unión libre,3,1,31732,30000,58473.66923076923,24821,3173.2,1.8427,0.8274,0.1,RIESGOSO
1655,59,f,soltero,4,0,35033,15000,34313.43076923077,12233,1050.99,0.9795,0.8155,0.03,RIESGOSO
1656,23,f,unión libre,0,0,25068,50000,33212.54615384615,13533,2506.8,1.3249,0.2707,0.1,RIESGOSO
1657,25,f,divorciado,2,1,28020,30000,48345.64615384615,20165,840.6,1.7254,0.6722,0.03,RIESGOSO
1658,28,f,unión libre,3,0,8369,120000,42560.02307692308,75332,836.9,5.0854,0.6278,0.1,RIESGOSO
1659,64,f,casado,3,0,39047,15000,45251.47692307692,4098,8590.34,1.1589,0.2732,0.22,SALUDABLE
1660,33,f,divorciado,2,1,24056,50000,56886.89230769231,10452,2405.6,2.3648,0.209,0.1,RIESGOSO
1661,41,f,casado,2,1,62168,120000,38617.00769230769,12173,1865.04,0.6212,0.1014,0.03,SALUDABLE
1662,19,m,soltero,0,1,9065,15000,40340.70769230769,13992,1994.3,4.4502,0.9328,0.22,RIESGOSO
1663,52,f,casado,4,0,57068,30000,34877.86153846154,20668,5706.8,0.6112,0.6889,0.1,SALUDABLE
1664,44,f,casado,4,1,41668,80000,41974.63846153846,49200,4166.8,1.0074,0.615,0.1,MODERADO
1665,49,m,divorciado,2,1,51208,50000,43988.2,35142,1536.24,0.859,0.7028,0.03,SALUDABLE
1666,46,f,unión libre,2,0,74993,120000,45568.84615384615,117073,7499.3,0.6076,0.9756,0.1,MODERADO
1667,39,m,unión libre,4,0,25410,30000,36597.56153846154,16530,2541.0,1.4403,0.551,0.1,RIESGOSO
1668,42,m,unión libre,3,0,60905,30000,42627.93076923077,26844,13399.1,0.6999,0.8948,0.22,SALUDABLE
1669,21,f,divorciado,2,1,22799,30000,38336.33076923077,15778,2279.9,1.6815,0.5259,0.1,RIESGOSO
1670,66,f,casado,1,1,69561,80000,40182.4,76465,2086.83,0.5777,0.9558,0.03,MODERADO
1671,27,m,casado,1,0,37574,50000,35578.74615384615,14549,3757.4,0.9469,0.291,0.1,SALUDABLE
1672,51,m,divorciado,0,0,67740,50000,35080.75384615384,22690,2032.2,0.5179,0.4538,0.03,SALUDABLE
1673,41,m,casado,0,1,33127,80000,44639.869230769225,30334,993.81,1.3475,0.3792,0.03,RIESGOSO
1674,30,m,soltero,3,1,60275,80000,48023.62307692308,31028,1808.25,0.7967,0.3878,0.03,SALUDABLE
1675,47,f,casado,1,1,23008,120000,39534.730769230766,117818,690.24,1.7183,0.9818,0.03,MODERADO
1676,32,f,divorciado,4,1,60699,30000,37047.99230769231,1811,13353.78,0.6104,0.0604,0.22,SALUDABLE
1677,32,m,soltero,4,0,19312,120000,39607.73846153846,45156,579.36,2.0509,0.3763,0.03,RIESGOSO
1678,41,m,divorciado,4,1,57789,15000,39856.053846153845,14126,1733.67,0.6897,0.9417,0.03,SALUDABLE
1679,70,m,soltero,1,1,76635,30000,44552.2923076923,4883,2299.05,0.5814,0.1628,0.03,SALUDABLE
1680,58,m,soltero,1,0,21309,30000,36119.661538461536,28813,639.27,1.695,0.9604,0.03,RIESGOSO
1681,45,m,unión libre,1,1,10877,50000,47448.3,35145,1087.7,4.3623,0.7029,0.1,RIESGOSO
1682,62,m,casado,1,1,8691,120000,32274.70769230769,41650,869.1,3.7136,0.3471,0.1,RIESGOSO
1683,42,f,unión libre,2,1,8230,120000,44242.661538461536,53865,823.0,5.3758,0.4489,0.1,RIESGOSO
1684,24,f,divorciado,1,0,32255,80000,37877.34615384615,77659,3225.5,1.1743,0.9707,0.1,MODERADO
1685,36,m,soltero,1,1,50693,80000,38231.43076923077,76613,11152.46,0.7542,0.9577,0.22,MODERADO
1686,30,f,unión libre,0,0,19732,120000,58197.13846153846,118617,1973.2,2.9494,0.9885,0.1,MODERADO
1687,64,m,soltero,2,1,47814,30000,41175.73846153846,5250,4781.4,0.8612,0.175,0.1,SALUDABLE
1688,40,f,soltero,0,1,77171,50000,32393.361538461537,10571,2315.13,0.4198,0.2114,0.03,SALUDABLE
1689,67,f,unión libre,2,0,50220,50000,54225.18461538461,33367,11048.4,1.0798,0.6673,0.22,SALUDABLE
1690,46,f,unión libre,0,0,24360,80000,41295.09230769231,22308,5359.2,1.6952,0.2788,0.22,RIESGOSO
1691,48,f,unión libre,0,1,65105,80000,41844.13846153846,7895,14323.1,0.6427,0.0987,0.22,SALUDABLE
1692,32,m,unión libre,0,0,35041,50000,38367.33846153846,29892,3504.1,1.0949,0.5978,0.1,SALUDABLE
1693,49,m,unión libre,4,1,49522,80000,47585.06923076923,67913,1485.66,0.9609,0.8489,0.03,MODERADO
1694,45,m,divorciado,0,0,79607,80000,41538.223076923074,69379,7960.7,0.5218,0.8672,0.1,MODERADO
1695,50,m,casado,2,1,49913,120000,36820.89230769231,43330,1497.39,0.7377,0.3611,0.03,MODERADO
1696,28,m,unión libre,4,1,77499,15000,50896.07692307692,12649,17049.78,0.6567,0.8433,0.22,SALUDABLE
1697,37,f,casado,2,1,34899,15000,55866.42307692308,1045,3489.9,1.6008,0.0697,0.1,RIESGOSO
1698,22,f,soltero,4,1,58184,15000,48539.915384615386,4069,5818.4,0.8342,0.2713,0.1,SALUDABLE
1699,25,m,casado,2,1,17080,15000,46061.33846153846,4471,1708.0,2.6968,0.2981,0.1,RIESGOSO
1700,38,m,unión libre,1,1,51968,120000,58968.03076923077,84624,5196.8,1.1347,0.7052,0.1,MODERADO
1701,25,f,unión libre,2,0,79024,120000,47215.75384615384,15418,7902.4,0.5975,0.1285,0.1,SALUDABLE
1702,59,m,soltero,1,1,68934,80000,32584.64615384615,21650,15165.48,0.4727,0.2706,0.22,SALUDABLE
1703,41,m,casado,0,1,25416,80000,33848.376923076925,24845,2541.6,1.3318,0.3106,0.1,RIESGOSO
1704,22,f,divorciado,1,1,75714,120000,41481.31538461539,114686,7571.4,0.5479,0.9557,0.1,MODERADO
1705,70,f,soltero,1,1,27705,50000,48700.75384615384,31719,6095.1,1.7578,0.6344,0.22,SALUDABLE
1706,42,f,unión libre,2,1,18419,30000,48339.16923076923,20740,552.57,2.6244,0.6913,0.03,RIESGOSO
1707,62,f,divorciado,3,0,75685,120000,42919.67692307692,90309,16650.7,0.5671,0.7526,0.22,MODERADO
1708,26,f,divorciado,4,0,28996,120000,50438.4,119459,6379.12,1.7395,0.9955,0.22,MODERADO
1709,61,m,unión libre,0,1,61615,30000,36641.93846153846,20867,6161.5,0.5947,0.6956,0.1,SALUDABLE
1710,46,f,casado,2,1,32933,80000,38482.161538461536,68624,3293.3,1.1685,0.8578,0.1,MODERADO
1711,22,m,unión libre,1,1,61805,120000,56258.95384615385,14131,6180.5,0.9103,0.1178,0.1,SALUDABLE
1712,40,f,unión libre,2,0,48210,80000,42518.03846153846,12962,4821.0,0.8819,0.162,0.1,SALUDABLE
1713,53,f,casado,4,0,64305,30000,53354.730769230766,24451,1929.15,0.8297,0.815,0.03,SALUDABLE
1714,44,f,divorciado,3,1,62127,30000,50270.75384615384,2273,13667.94,0.8092,0.0758,0.22,SALUDABLE
1715,49,m,soltero,3,1,67606,30000,47477.83846153846,17671,2028.18,0.7023,0.589,0.03,SALUDABLE
1716,39,f,soltero,2,0,22460,15000,55822.96923076923,12270,673.8,2.4854,0.818,0.03,RIESGOSO
1717,50,m,soltero,2,1,43943,120000,51533.36923076923,32897,4394.3,1.1727,0.2741,0.1,MODERADO
1718,20,f,unión libre,0,1,50711,50000,37413.56923076923,8402,5071.1,0.7378,0.168,0.1,SALUDABLE
1719,47,f,soltero,3,1,37169,80000,48345.30769230769,16859,8177.18,1.3007,0.2107,0.22,SALUDABLE
1720,55,f,divorciado,0,1,72265,15000,32376.861538461537,13571,7226.5,0.448,0.9047,0.1,SALUDABLE
1721,21,m,divorciado,3,0,72316,80000,51136.11538461538,37416,15909.52,0.7071,0.4677,0.22,SALUDABLE
1722,21,f,casado,0,1,8217,120000,47183.65384615384,39653,1807.74,5.7422,0.3304,0.22,RIESGOSO
1723,18,m,unión libre,0,1,39915,120000,40756.14615384615,34171,1197.45,1.0211,0.2848,0.03,MODERADO
1724,69,m,casado,3,0,19979,120000,45317.02307692308,37078,1997.9,2.2682,0.309,0.1,RIESGOSO
1725,55,m,soltero,0,0,43315,50000,42080.06153846154,10532,9529.3,0.9715,0.2106,0.22,SALUDABLE
1726,34,m,unión libre,2,1,22774,80000,43267.84615384615,37613,5010.28,1.8999,0.4702,0.22,RIESGOSO
1727,60,m,unión libre,0,1,12816,80000,38383.661538461536,10881,1281.6,2.995,0.136,0.1,RIESGOSO
1728,26,f,divorciado,4,0,35612,50000,38804.36153846154,10406,1068.36,1.0896,0.2081,0.03,RIESGOSO
1729,29,m,unión libre,2,0,23784,120000,48943.09230769231,96283,2378.4,2.0578,0.8024,0.1,MODERADO
1730,54,f,unión libre,2,0,24926,15000,39185.52307692308,1723,2492.6,1.5721,0.1149,0.1,RIESGOSO
1731,53,m,unión libre,0,1,56752,30000,36803.68461538461,7214,1702.56,0.6485,0.2405,0.03,SALUDABLE
1732,39,m,divorciado,3,0,10392,15000,43416.36923076923,7053,311.76,4.1779,0.4702,0.03,RIESGOSO
1733,42,m,divorciado,0,0,43403,30000,53647.44615384616,22470,4340.3,1.236,0.749,0.1,SALUDABLE
1734,66,m,unión libre,2,1,21258,15000,31027.86923076923,10293,4676.76,1.4596,0.6862,0.22,SALUDABLE
1735,69,m,divorciado,3,0,71108,50000,55923.96153846154,24952,7110.8,0.7865,0.499,0.1,SALUDABLE
1736,33,f,soltero,2,0,79579,80000,41687.761538461535,13098,7957.9,0.5239,0.1637,0.1,SALUDABLE
1737,58,f,unión libre,1,1,19367,15000,37803.61538461538,3312,581.01,1.952,0.2208,0.03,RIESGOSO
1738,30,f,divorciado,3,1,17183,15000,48310.42307692308,5319,515.49,2.8115,0.3546,0.03,RIESGOSO
1739,20,f,divorciado,0,1,22093,80000,49395.415384615386,46663,662.79,2.2358,0.5833,0.03,RIESGOSO
1740,45,f,divorciado,0,0,65242,30000,40833.661538461536,4506,14353.24,0.6259,0.1502,0.22,SALUDABLE
1741,57,f,divorciado,4,1,47985,80000,42438.93076923077,61789,4798.5,0.8844,0.7724,0.1,MODERADO
1742,57,f,soltero,1,0,32845,80000,49864.31538461538,47996,985.35,1.5182,0.6,0.03,MODERADO
1743,31,m,unión libre,0,1,66534,50000,48319.53076923077,43732,6653.4,0.7262,0.8746,0.1,SALUDABLE
1744,54,m,unión libre,4,0,45389,50000,48529.18461538461,14230,4538.9,1.0692,0.2846,0.1,SALUDABLE
1745,54,m,unión libre,1,0,13614,50000,53272.37692307692,26328,1361.4,3.9131,0.5266,0.1,RIESGOSO
1746,63,m,soltero,0,0,49356,120000,48105.66923076923,53635,10858.32,0.9747,0.447,0.22,MODERADO
1747,38,f,divorciado,1,0,33019,15000,36319.661538461536,8551,3301.9,1.1,0.5701,0.1,SALUDABLE
1748,48,f,unión libre,4,1,66640,80000,44843.84615384615,2315,1999.2,0.6729,0.0289,0.03,SALUDABLE
1749,51,m,divorciado,0,1,61113,50000,31712.25384615385,12563,1833.39,0.5189,0.2513,0.03,SALUDABLE
1750,47,f,casado,0,1,37205,15000,52611.50769230769,12935,3720.5,1.4141,0.8623,0.1,SALUDABLE
1751,30,m,soltero,2,0,9283,80000,35411.16923076923,1000,278.49,3.8146,0.0125,0.03,RIESGOSO
1752,37,m,divorciado,4,0,74920,80000,43863.54615384615,30506,16482.4,0.5855,0.3813,0.22,SALUDABLE
1753,46,f,divorciado,2,1,70610,120000,31864.215384615385,12522,7061.0,0.4513,0.1044,0.1,SALUDABLE
1754,23,m,soltero,2,0,51113,15000,51439.74615384615,14581,5111.3,1.0064,0.9721,0.1,SALUDABLE
1755,45,m,divorciado,4,1,26810,30000,52118.31538461538,13049,2681.0,1.944,0.435,0.1,RIESGOSO
1756,66,f,divorciado,2,1,49361,120000,33738.7,58244,4936.1,0.6835,0.4854,0.1,MODERADO
1757,37,f,soltero,2,1,35434,50000,52313.438461538455,30965,7795.48,1.4764,0.6193,0.22,SALUDABLE
1758,24,m,unión libre,2,1,78983,80000,44200.19230769231,20291,7898.3,0.5596,0.2536,0.1,SALUDABLE
1759,41,f,divorciado,0,0,49625,15000,42339.907692307694,14202,4962.5,0.8532,0.9468,0.1,SALUDABLE
1760,68,m,soltero,0,1,44807,15000,38569.14615384615,3466,9857.54,0.8608,0.2311,0.22,SALUDABLE
1761,20,f,divorciado,2,0,9410,30000,58110.34615384615,12964,941.0,6.1754,0.4321,0.1,RIESGOSO
1762,34,m,soltero,2,1,46061,50000,39817.11538461538,37417,4606.1,0.8644,0.7483,0.1,SALUDABLE
1763,63,f,casado,1,0,15883,30000,42694.3,3482,1588.3,2.6881,0.1161,0.1,RIESGOSO
1764,37,f,casado,3,1,19910,80000,39699.15384615384,17367,597.3,1.9939,0.2171,0.03,RIESGOSO
1765,56,f,divorciado,4,1,32676,50000,37965.92307692308,15032,980.28,1.1619,0.3006,0.03,RIESGOSO
1766,50,f,unión libre,2,0,28742,15000,36367.62307692308,5514,862.26,1.2653,0.3676,0.03,RIESGOSO
1767,50,m,unión libre,4,0,20075,15000,47078.46923076923,6210,2007.5,2.3451,0.414,0.1,RIESGOSO
1768,45,f,soltero,2,0,27545,15000,37396.03076923077,6589,826.35,1.3576,0.4393,0.03,RIESGOSO
1769,35,m,divorciado,0,1,78822,50000,52946.49230769231,18315,2364.66,0.6717,0.3663,0.03,SALUDABLE
1770,51,f,casado,1,0,75561,80000,34269.75384615384,28711,2266.83,0.4535,0.3589,0.03,SALUDABLE
1771,37,m,divorciado,0,0,28621,80000,35066.13076923077,14402,858.63,1.2252,0.18,0.03,RIESGOSO
1772,40,m,soltero,1,1,11182,120000,51320.37692307692,19143,2460.04,4.5896,0.1595,0.22,RIESGOSO
1773,34,m,unión libre,0,0,66032,80000,48801.31538461538,61347,1980.96,0.7391,0.7668,0.03,MODERADO
1774,61,f,unión libre,3,1,47360,15000,41038.66923076923,12752,1420.8,0.8665,0.8501,0.03,SALUDABLE
1775,35,f,unión libre,3,1,52954,120000,42954.82307692307,97003,5295.4,0.8112,0.8084,0.1,MODERADO
1776,42,m,divorciado,2,1,23285,120000,43600.761538461535,26570,5122.7,1.8725,0.2214,0.22,RIESGOSO
1777,24,f,casado,2,0,57525,30000,39838.63076923077,7837,12655.5,0.6925,0.2612,0.22,SALUDABLE
1778,66,m,soltero,4,1,45951,80000,37237.95384615385,13427,1378.53,0.8104,0.1678,0.03,SALUDABLE
1779,45,f,casado,2,1,39368,80000,57433.35384615384,17439,3936.8,1.4589,0.218,0.1,RIESGOSO
1780,40,m,divorciado,4,1,8224,15000,39285.01538461538,12474,246.72,4.7769,0.8316,0.03,RIESGOSO
1781,46,f,casado,0,1,44686,80000,48726.76923076923,8862,4468.6,1.0904,0.1108,0.1,SALUDABLE
1782,48,m,soltero,1,1,76770,50000,32644.87692307692,14819,7677.0,0.4252,0.2964,0.1,SALUDABLE
1783,66,f,casado,3,1,69464,30000,49094.00769230769,19382,2083.92,0.7068,0.6461,0.03,SALUDABLE
1784,18,m,casado,0,0,26648,80000,50868.838461538464,26036,2664.8,1.9089,0.3254,0.1,RIESGOSO
1785,46,f,unión libre,4,0,23352,30000,41586.78461538461,17995,2335.2,1.7809,0.5998,0.1,RIESGOSO
1786,53,f,soltero,4,0,77630,50000,53222.26923076923,15063,2328.9,0.6856,0.3013,0.03,SALUDABLE
1787,60,m,soltero,3,0,78548,50000,50697.42307692308,29137,17280.56,0.6454,0.5827,0.22,SALUDABLE
1788,59,f,casado,2,0,70896,50000,52997.46923076923,3774,7089.6,0.7475,0.0755,0.1,SALUDABLE
1789,60,m,soltero,0,1,13073,50000,51244.46923076923,14902,2876.06,3.9199,0.298,0.22,RIESGOSO
1790,50,m,casado,1,0,46182,15000,45049.3,12332,4618.2,0.9755,0.8221,0.1,SALUDABLE
1791,42,m,casado,2,0,77663,120000,36576.69230769231,84697,2329.89,0.471,0.7058,0.03,MODERADO
1792,41,m,soltero,1,1,59582,120000,52406.38461538462,90018,13108.04,0.8796,0.7502,0.22,MODERADO
1793,52,m,unión libre,2,0,27163,80000,40017.21538461538,74989,814.89,1.4732,0.9374,0.03,MODERADO
1794,37,f,unión libre,1,0,58906,80000,56352.60769230769,47882,5890.6,0.9567,0.5985,0.1,MODERADO
1795,56,m,unión libre,2,0,74346,30000,56354.94615384616,24341,7434.6,0.758,0.8114,0.1,SALUDABLE
1796,31,m,casado,4,0,24718,30000,53254.10769230769,2749,2471.8,2.1545,0.0916,0.1,RIESGOSO
1797,49,m,soltero,4,0,68158,80000,50637.36923076923,38304,6815.8,0.7429,0.4788,0.1,SALUDABLE
1798,26,m,unión libre,1,0,44895,80000,43540.42307692308,70389,1346.85,0.9698,0.8799,0.03,MODERADO
1799,57,f,casado,0,1,58328,30000,49922.26923076923,19297,5832.8,0.8559,0.6432,0.1,SALUDABLE
1800,55,m,divorciado,0,1,45469,80000,50592.75384615384,77606,1364.07,1.1127,0.9701,0.03,MODERADO
1801,57,f,casado,1,0,19063,50000,43762.28461538461,26941,4193.86,2.2957,0.5388,0.22,RIESGOSO
1802,70,m,soltero,4,0,8141,80000,35903.70769230769,63058,814.1,4.4102,0.7882,0.1,RIESGOSO
1803,43,m,divorciado,3,0,29739,30000,39607.17692307692,19733,892.17,1.3318,0.6578,0.03,RIESGOSO
1804,46,m,soltero,4,0,57686,30000,45335.77692307692,16866,5768.6,0.7859,0.5622,0.1,SALUDABLE
1805,30,f,casado,4,0,74884,80000,45433.63846153846,15033,2246.52,0.6067,0.1879,0.03,SALUDABLE
1806,65,f,soltero,1,1,52490,120000,44049.261538461535,101027,1574.7,0.8392,0.8419,0.03,MODERADO
1807,48,f,divorciado,3,1,21892,80000,34883.26923076923,71915,2189.2,1.5934,0.8989,0.1,MODERADO
1808,46,m,casado,2,0,11383,15000,54828.230769230766,6881,341.49,4.8167,0.4587,0.03,RIESGOSO
1809,19,f,divorciado,0,0,35663,120000,29778.553846153845,76040,7845.86,0.835,0.6337,0.22,MODERADO
1810,26,m,casado,1,0,78017,15000,44749.2,8408,7801.7,0.5736,0.5605,0.1,SALUDABLE
1811,52,f,soltero,3,0,26636,50000,58638.830769230764,21161,5859.92,2.2015,0.4232,0.22,RIESGOSO
1812,60,m,casado,3,1,71593,30000,51784.89230769231,14472,2147.79,0.7233,0.4824,0.03,SALUDABLE
1813,26,m,casado,2,0,45172,15000,41458.38461538462,347,1355.16,0.9178,0.0231,0.03,SALUDABLE
1814,57,f,casado,2,1,15186,30000,52742.45384615385,18934,1518.6,3.4731,0.6311,0.1,RIESGOSO
1815,35,m,unión libre,0,1,17855,120000,33404.74615384615,33067,1785.5,1.8709,0.2756,0.1,RIESGOSO
1816,33,m,soltero,0,0,31671,15000,52398.84615384615,8468,950.13,1.6545,0.5645,0.03,RIESGOSO
1817,38,f,casado,0,1,57722,30000,44395.36923076923,21753,1731.66,0.7691,0.7251,0.03,SALUDABLE
1818,51,m,soltero,4,0,75115,80000,53137.44615384616,76231,2253.45,0.7074,0.9529,0.03,MODERADO
1819,39,f,soltero,0,0,71645,80000,48183.02307692308,68089,7164.5,0.6725,0.8511,0.1,MODERADO
1820,58,f,unión libre,0,0,76046,80000,41578.86923076923,4844,7604.6,0.5468,0.0606,0.1,SALUDABLE
1821,57,f,casado,3,1,9330,15000,48262.7923076923,8418,933.0,5.1729,0.5612,0.1,RIESGOSO
1822,19,m,divorciado,1,0,47042,50000,60737.57692307692,17496,10349.24,1.2911,0.3499,0.22,SALUDABLE
1823,52,m,soltero,1,0,40068,80000,55356.553846153845,49353,1202.04,1.3816,0.6169,0.03,MODERADO
1824,65,f,divorciado,4,0,56527,50000,51256.09230769231,34426,1695.81,0.9068,0.6885,0.03,SALUDABLE
1825,50,f,casado,0,0,73472,50000,43613.35384615384,30228,7347.2,0.5936,0.6046,0.1,SALUDABLE
1826,35,m,unión libre,1,1,19585,30000,48904.18461538461,19844,1958.5,2.497,0.6615,0.1,RIESGOSO
1827,22,m,soltero,3,1,33180,30000,49787.484615384616,7064,995.4,1.5005,0.2355,0.03,RIESGOSO
1828,37,f,soltero,0,1,65704,120000,38900.876923076925,100565,6570.4,0.5921,0.838,0.1,MODERADO
1829,35,f,casado,4,0,11644,120000,33660.93076923077,112123,2561.68,2.8908,0.9344,0.22,MODERADO
1830,22,f,unión libre,0,1,43664,80000,43740.42307692308,20390,4366.4,1.0018,0.2549,0.1,SALUDABLE
1831,65,m,unión libre,4,1,46226,15000,45008.68461538461,3409,1386.78,0.9737,0.2273,0.03,SALUDABLE
1832,24,m,casado,1,0,62863,30000,40607.661538461536,15322,6286.3,0.646,0.5107,0.1,SALUDABLE
1833,43,f,soltero,1,0,57919,15000,54467.661538461536,13643,5791.9,0.9404,0.9095,0.1,SALUDABLE
1834,50,f,casado,0,0,69313,30000,32438.46153846154,19197,6931.3,0.468,0.6399,0.1,SALUDABLE
1835,50,m,soltero,0,1,67012,15000,35578.75384615384,5862,14742.64,0.5309,0.3908,0.22,SALUDABLE
1836,65,m,soltero,0,0,51988,15000,34555.46153846154,731,1559.64,0.6647,0.0487,0.03,SALUDABLE
1837,48,m,divorciado,0,1,39889,50000,46252.57692307692,13570,3988.9,1.1595,0.2714,0.1,SALUDABLE
1838,38,m,unión libre,4,1,44811,80000,34538.53076923077,16835,1344.33,0.7708,0.2104,0.03,SALUDABLE
1839,26,f,divorciado,2,0,45025,120000,43530.06153846154,2189,1350.75,0.9668,0.0182,0.03,RIESGOSO
1840,54,f,soltero,0,1,36467,30000,38481.876923076925,15170,3646.7,1.0553,0.5057,0.1,SALUDABLE
1841,24,m,divorciado,4,1,34282,50000,40723.5,29015,1028.46,1.1879,0.5803,0.03,RIESGOSO
1842,20,m,soltero,1,0,29494,120000,37471.53076923077,102655,2949.4,1.2705,0.8555,0.1,MODERADO
1843,52,f,unión libre,4,1,68349,120000,48013.66923076923,70126,15036.78,0.7025,0.5844,0.22,MODERADO
1844,24,m,soltero,3,1,47864,80000,52677.230769230766,3168,4786.4,1.1006,0.0396,0.1,SALUDABLE
1845,33,f,unión libre,0,1,18976,50000,45147.88461538462,10857,569.28,2.3792,0.2171,0.03,RIESGOSO
1846,19,m,unión libre,3,1,32318,50000,35114.4,45124,3231.8,1.0865,0.9025,0.1,MODERADO
1847,54,m,divorciado,3,1,8554,50000,40279.59230769231,32488,855.4,4.7089,0.6498,0.1,RIESGOSO
1848,64,m,casado,3,1,39476,50000,40654.95384615385,23346,8684.72,1.0299,0.4669,0.22,SALUDABLE
1849,56,m,soltero,0,1,68526,50000,47276.24615384615,40571,15075.72,0.6899,0.8114,0.22,SALUDABLE
1850,48,f,casado,3,0,8608,120000,37648.00769230769,61014,1893.76,4.3736,0.5084,0.22,RIESGOSO
1851,60,f,casado,2,0,35856,15000,38327.37692307692,11528,1075.68,1.0689,0.7685,0.03,RIESGOSO
1852,65,f,divorciado,2,1,38267,30000,47241.15384615384,29278,3826.7,1.2345,0.9759,0.1,SALUDABLE
1853,58,f,casado,1,0,78990,50000,49572.60769230769,4601,2369.7,0.6276,0.092,0.03,SALUDABLE
1854,52,f,soltero,4,1,22160,80000,51824.93846153846,10547,2216.0,2.3387,0.1318,0.1,RIESGOSO
1855,23,m,casado,2,0,29198,30000,41940.261538461535,5130,2919.8,1.4364,0.171,0.1,RIESGOSO
1856,35,f,divorciado,0,0,58139,120000,37727.24615384615,40055,1744.17,0.6489,0.3338,0.03,MODERADO
1857,42,f,unión libre,3,0,55934,30000,34485.70769230769,28768,5593.4,0.6165,0.9589,0.1,SALUDABLE
1858,37,m,casado,4,0,14808,15000,50258.0,7110,3257.76,3.394,0.474,0.22,RIESGOSO
1859,34,m,casado,2,0,38070,30000,39987.70769230769,15103,3807.0,1.0504,0.5034,0.1,SALUDABLE
1860,54,f,casado,0,1,74119,50000,34315.54615384615,38021,2223.57,0.463,0.7604,0.03,SALUDABLE
1861,37,m,divorciado,4,0,15304,15000,39432.84615384615,255,1530.4,2.5766,0.017,0.1,RIESGOSO
1862,31,m,unión libre,4,1,52465,30000,53359.6,19217,5246.5,1.0171,0.6406,0.1,SALUDABLE
1863,27,m,divorciado,4,1,43095,15000,42713.6,3061,4309.5,0.9911,0.2041,0.1,SALUDABLE
1864,50,f,casado,3,1,66089,120000,46711.61538461538,37837,14539.58,0.7068,0.3153,0.22,SALUDABLE
1865,31,f,casado,0,0,55496,50000,57534.47692307692,23393,12209.12,1.0367,0.4679,0.22,SALUDABLE
1866,37,f,unión libre,1,1,47186,50000,39773.53846153846,46389,4718.6,0.8429,0.9278,0.1,MODERADO
1867,51,f,soltero,3,0,9936,120000,46327.915384615386,105651,298.08,4.6626,0.8804,0.03,MODERADO
1868,47,m,soltero,2,0,32087,50000,46353.2,24713,962.61,1.4446,0.4943,0.03,RIESGOSO
1869,38,m,unión libre,0,1,40262,120000,38048.93076923077,16802,4026.2,0.945,0.14,0.1,SALUDABLE
1870,23,f,casado,1,0,78734,120000,51628.61538461538,81178,17321.48,0.6557,0.6765,0.22,MODERADO
1871,47,f,divorciado,2,1,67205,30000,41623.915384615386,3308,14785.1,0.6194,0.1103,0.22,SALUDABLE
1872,23,f,unión libre,3,1,74307,30000,62554.43076923077,4631,7430.7,0.8418,0.1544,0.1,SALUDABLE
1873,61,m,casado,0,0,10055,120000,32673.30769230769,78413,301.65,3.2495,0.6534,0.03,MODERADO
1874,51,m,divorciado,2,0,29226,15000,35777.78461538462,13398,876.78,1.2242,0.8932,0.03,RIESGOSO
1875,25,m,divorciado,1,1,31729,120000,38363.97692307692,27173,3172.9,1.2091,0.2264,0.1,RIESGOSO
1876,49,m,divorciado,1,1,35421,15000,43441.723076923074,7609,1062.63,1.2264,0.5073,0.03,RIESGOSO
1877,20,f,unión libre,4,0,27333,80000,54674.12307692308,1770,6013.26,2.0003,0.0221,0.22,RIESGOSO
1878,29,m,soltero,0,0,75638,15000,45869.8923076923,5393,16640.36,0.6064,0.3595,0.22,SALUDABLE
1879,55,m,unión libre,2,1,48525,80000,53681.11538461538,36087,4852.5,1.1063,0.4511,0.1,SALUDABLE
1880,48,f,unión libre,1,1,16209,30000,49000.32307692308,1223,486.27,3.023,0.0408,0.03,RIESGOSO
1881,44,m,soltero,1,0,67296,80000,51112.723076923074,26958,2018.88,0.7595,0.337,0.03,SALUDABLE
1882,61,m,casado,0,1,19937,15000,33790.43846153846,10355,1993.7,1.6949,0.6903,0.1,RIESGOSO
1883,38,f,casado,3,1,77946,15000,53132.76923076923,5793,7794.6,0.6817,0.3862,0.1,SALUDABLE
1884,32,f,divorciado,0,1,14008,50000,52619.15384615384,39951,1400.8,3.7564,0.799,0.1,RIESGOSO
1885,52,m,casado,2,0,52196,50000,50187.730769230766,36117,11483.12,0.9615,0.7223,0.22,SALUDABLE
1886,38,m,divorciado,4,1,61425,30000,46291.59230769231,20336,6142.5,0.7536,0.6779,0.1,SALUDABLE
1887,46,f,soltero,3,0,41555,120000,49549.81538461538,86557,4155.5,1.1924,0.7213,0.1,MODERADO
1888,51,f,unión libre,1,1,27940,30000,39161.47692307692,25738,838.2,1.4016,0.8579,0.03,RIESGOSO
1889,24,f,soltero,1,1,67613,50000,56528.64615384615,33211,2028.39,0.8361,0.6642,0.03,SALUDABLE
1890,53,m,soltero,0,1,49791,120000,54764.15384615384,57258,10954.02,1.0999,0.4772,0.22,MODERADO
1891,19,m,unión libre,0,0,58318,30000,43205.23846153846,26031,12829.96,0.7409,0.8677,0.22,SALUDABLE
1892,55,f,casado,2,0,24708,50000,45905.19230769231,32217,741.24,1.8579,0.6443,0.03,RIESGOSO
1893,19,m,unión libre,0,0,43294,15000,46909.06153846154,14292,4329.4,1.0835,0.9528,0.1,SALUDABLE
1894,23,m,divorciado,1,1,65826,80000,61158.77692307692,29919,6582.6,0.9291,0.374,0.1,SALUDABLE
1895,41,f,soltero,2,0,20454,80000,45450.984615384616,79100,613.62,2.2221,0.9888,0.03,MODERADO
1896,25,f,casado,0,0,8682,15000,35739.21538461538,7834,868.2,4.1165,0.5223,0.1,RIESGOSO
1897,48,m,unión libre,2,1,52106,50000,37636.723076923074,27719,5210.6,0.7223,0.5544,0.1,SALUDABLE
1898,47,f,soltero,4,0,23027,80000,40563.869230769225,45227,2302.7,1.7616,0.5653,0.1,RIESGOSO
1899,34,m,divorciado,1,0,62110,80000,35676.92307692308,13474,6211.0,0.5744,0.1684,0.1,SALUDABLE
1900,67,m,casado,3,0,46914,50000,30445.37692307692,10071,4691.4,0.649,0.2014,0.1,SALUDABLE
1901,53,f,unión libre,3,0,56173,50000,41992.89230769231,17201,12358.06,0.7476,0.344,0.22,SALUDABLE
1902,29,f,unión libre,4,1,21492,30000,40891.161538461536,17222,4728.24,1.9026,0.5741,0.22,RIESGOSO
1903,37,m,unión libre,0,0,16527,120000,44588.93846153846,39535,1652.7,2.6979,0.3295,0.1,RIESGOSO
1904,67,m,divorciado,3,0,10362,80000,38686.4,56961,1036.2,3.7335,0.712,0.1,RIESGOSO
1905,27,m,divorciado,3,0,23938,15000,33005.76923076923,7595,2393.8,1.3788,0.5063,0.1,RIESGOSO
1906,63,f,soltero,0,0,53077,30000,39880.84615384616,29485,11676.94,0.7514,0.9828,0.22,SALUDABLE
1907,51,f,casado,4,1,50979,80000,38139.723076923074,7967,1529.37,0.7481,0.0996,0.03,SALUDABLE
1908,45,f,divorciado,2,0,10380,80000,51016.52307692308,21070,311.4,4.9149,0.2634,0.03,RIESGOSO
1909,25,f,divorciado,3,1,45090,30000,40325.907692307694,18023,9919.8,0.8943,0.6008,0.22,SALUDABLE
1910,46,f,soltero,4,0,48345,50000,36715.84615384616,41739,4834.5,0.7595,0.8348,0.1,SALUDABLE
1911,43,f,casado,3,0,67141,50000,37017.553846153845,23190,6714.1,0.5513,0.4638,0.1,SALUDABLE
1912,41,m,soltero,3,1,22241,120000,48250.51538461538,21511,667.23,2.1694,0.1793,0.03,RIESGOSO
1913,55,m,casado,2,1,31542,30000,50456.09230769231,24516,6939.24,1.5996,0.8172,0.22,SALUDABLE
1914,31,f,casado,3,1,55472,50000,45784.2923076923,20954,12203.84,0.8254,0.4191,0.22,SALUDABLE
1915,35,m,divorciado,3,0,26745,50000,53973.45384615385,14150,2674.5,2.0181,0.283,0.1,RIESGOSO
1916,28,m,divorciado,0,1,25811,120000,59309.08461538461,19836,2581.1,2.2978,0.1653,0.1,RIESGOSO
1917,58,f,casado,2,0,29633,80000,37294.723076923074,38427,2963.3,1.2586,0.4803,0.1,MODERADO
1918,20,f,soltero,2,0,33712,30000,35470.93846153846,12981,3371.2,1.0522,0.4327,0.1,SALUDABLE
1919,51,m,soltero,3,0,58198,30000,44086.2,18040,5819.8,0.7575,0.6013,0.1,SALUDABLE
1920,48,f,soltero,1,0,23573,120000,53634.93846153846,26781,2357.3,2.2753,0.2232,0.1,RIESGOSO
1921,25,f,unión libre,3,1,65574,50000,54729.27692307692,38830,6557.4,0.8346,0.7766,0.1,SALUDABLE
1922,50,m,soltero,4,0,19477,120000,51892.223076923074,72759,1947.7,2.6643,0.6063,0.1,MODERADO
1923,57,f,casado,2,1,58430,30000,41978.36923076923,25922,12854.6,0.7184,0.8641,0.22,SALUDABLE
1924,67,f,casado,1,0,36474,120000,45525.64615384615,15111,1094.22,1.2482,0.1259,0.03,RIESGOSO
1925,23,m,casado,4,0,61130,15000,56094.24615384615,10472,1833.9,0.9176,0.6981,0.03,SALUDABLE
1926,54,f,unión libre,4,1,53297,30000,49440.39230769231,1263,11725.34,0.9276,0.0421,0.22,SALUDABLE
1927,54,f,unión libre,0,0,15230,50000,38072.32307692308,32010,456.9,2.4998,0.6402,0.03,RIESGOSO
1928,33,m,unión libre,0,1,41830,15000,41272.20769230769,10277,4183.0,0.9867,0.6851,0.1,SALUDABLE
1929,44,m,divorciado,2,1,28829,50000,39010.00769230769,21528,6342.38,1.3532,0.4306,0.22,SALUDABLE
1930,27,f,divorciado,2,1,40323,120000,39338.00769230769,106811,4032.3,0.9756,0.8901,0.1,MODERADO
1931,55,m,soltero,0,0,64602,80000,45284.24615384615,76449,6460.2,0.701,0.9556,0.1,MODERADO
1932,36,m,divorciado,3,1,14619,120000,40410.230769230766,68917,1461.9,2.7642,0.5743,0.1,MODERADO
1933,20,f,divorciado,0,0,39765,50000,56828.36923076923,14328,1192.95,1.4291,0.2866,0.03,RIESGOSO
1934,32,m,unión libre,4,0,75199,15000,43062.730769230766,391,16543.78,0.5727,0.0261,0.22,SALUDABLE
1935,55,m,unión libre,2,0,70521,15000,29469.76153846154,4658,2115.63,0.4179,0.3105,0.03,SALUDABLE
1936,61,m,soltero,1,1,66272,15000,36177.62307692308,14589,6627.2,0.5459,0.9726,0.1,SALUDABLE
1937,23,f,divorciado,0,0,67717,120000,39697.32307692308,97820,2031.51,0.5862,0.8152,0.03,MODERADO
1938,30,f,casado,2,0,53876,30000,51340.1,10518,5387.6,0.9529,0.3506,0.1,SALUDABLE
1939,36,m,unión libre,4,1,75689,120000,46797.26923076923,86298,7568.9,0.6183,0.7192,0.1,MODERADO
1940,50,m,soltero,3,0,11589,30000,30784.93846153846,5951,2549.58,2.6564,0.1984,0.22,RIESGOSO
1941,54,m,casado,3,1,68034,120000,41613.7,41115,6803.4,0.6117,0.3426,0.1,SALUDABLE
1942,68,f,unión libre,0,0,38535,80000,35495.46923076923,8154,3853.5,0.9211,0.1019,0.1,SALUDABLE
1943,51,f,unión libre,1,0,79018,30000,39663.415384615386,873,7901.8,0.502,0.0291,0.1,SALUDABLE
1944,70,m,unión libre,4,0,39568,30000,49733.25384615384,14380,1187.04,1.2569,0.4793,0.03,RIESGOSO
1945,47,m,unión libre,2,1,46204,15000,45382.38461538462,8860,1386.12,0.9822,0.5907,0.03,SALUDABLE
1946,53,m,casado,1,0,14205,15000,42932.61538461538,295,426.15,3.0224,0.0197,0.03,RIESGOSO
1947,21,m,divorciado,4,1,59274,80000,48659.89230769231,19770,5927.4,0.8209,0.2471,0.1,SALUDABLE
1948,24,m,unión libre,2,1,78202,15000,38994.80769230769,81,7820.2,0.4986,0.0054,0.1,SALUDABLE
1949,40,f,unión libre,0,0,10293,15000,51607.330769230764,14888,2264.46,5.0138,0.9925,0.22,RIESGOSO
1950,59,f,casado,4,0,29720,120000,48286.23846153846,44876,891.6,1.6247,0.374,0.03,MODERADO
1951,70,f,soltero,4,0,17453,50000,54142.99230769231,31727,1745.3,3.1022,0.6345,0.1,RIESGOSO
1952,24,m,divorciado,1,1,38739,50000,38404.33846153846,27759,3873.9,0.9914,0.5552,0.1,SALUDABLE
1953,66,f,soltero,1,0,30067,80000,38695.43076923077,48368,902.01,1.287,0.6046,0.03,MODERADO
1954,35,f,casado,3,0,10550,120000,41872.08461538461,109573,316.5,3.9689,0.9131,0.03,MODERADO
1955,56,f,soltero,0,1,10847,15000,36384.761538461535,13312,1084.7,3.3544,0.8875,0.1,RIESGOSO
1956,48,f,unión libre,1,1,63890,30000,42199.38461538461,6959,6389.0,0.6605,0.232,0.1,SALUDABLE
1957,43,f,soltero,1,0,70556,120000,47881.76923076923,110994,2116.68,0.6786,0.925,0.03,MODERADO
1958,38,m,divorciado,1,1,11242,120000,41536.830769230764,98179,1124.2,3.6948,0.8182,0.1,MODERADO
1959,46,f,divorciado,2,0,29294,80000,46219.35384615385,41723,2929.4,1.5778,0.5215,0.1,RIESGOSO
1960,25,m,unión libre,1,0,37716,30000,37359.86153846153,29588,8297.52,0.9906,0.9863,0.22,SALUDABLE
1961,62,f,soltero,3,0,16040,30000,46021.369230769225,2980,481.2,2.8692,0.0993,0.03,RIESGOSO
1962,24,m,divorciado,0,1,36750,50000,46437.97692307692,25777,1102.5,1.2636,0.5155,0.03,RIESGOSO
1963,28,f,soltero,3,0,39429,120000,45956.99230769231,9335,3942.9,1.1656,0.0778,0.1,SALUDABLE
1964,23,m,unión libre,0,1,78344,50000,48391.13846153846,6380,7834.4,0.6177,0.1276,0.1,SALUDABLE
1965,47,f,casado,2,1,78450,15000,40731.84615384616,6477,7845.0,0.5192,0.4318,0.1,SALUDABLE
1966,52,f,soltero,4,1,16164,15000,42156.85384615384,8279,484.92,2.6081,0.5519,0.03,RIESGOSO
1967,37,f,divorciado,4,0,44269,80000,45173.57692307692,30437,4426.9,1.0204,0.3805,0.1,SALUDABLE
1968,18,m,soltero,4,0,52038,80000,37256.338461538464,9772,11448.36,0.7159,0.1222,0.22,SALUDABLE
1969,40,f,divorciado,3,0,51903,15000,51784.76923076923,1260,5190.3,0.9977,0.084,0.1,SALUDABLE
1970,49,f,divorciado,2,0,29067,120000,50345.61538461538,105059,6394.74,1.7321,0.8755,0.22,MODERADO
1971,44,f,divorciado,4,1,56449,15000,49967.407692307694,9940,1693.47,0.8852,0.6627,0.03,SALUDABLE
1972,64,f,soltero,4,0,40745,120000,40458.78461538461,35084,4074.5,0.993,0.2924,0.1,MODERADO
1973,21,m,divorciado,2,0,34357,30000,41562.730769230766,26577,3435.7,1.2097,0.8859,0.1,SALUDABLE
1974,41,f,unión libre,3,1,55586,80000,41351.3,51647,12228.92,0.7439,0.6456,0.22,SALUDABLE
1975,37,m,unión libre,4,0,15595,80000,39874.838461538464,33596,3430.9,2.5569,0.42,0.22,RIESGOSO
1976,45,m,divorciado,0,1,42347,120000,40977.28461538461,2448,1270.41,0.9677,0.0204,0.03,RIESGOSO
1977,24,m,divorciado,0,1,65538,80000,40492.14615384615,59786,6553.8,0.6178,0.7473,0.1,MODERADO
1978,22,m,soltero,4,0,15340,120000,55350.95384615385,69222,1534.0,3.6083,0.5768,0.1,MODERADO
1979,32,m,casado,3,0,64196,50000,54362.86153846153,17745,1925.88,0.8468,0.3549,0.03,SALUDABLE
1980,60,f,unión libre,0,0,13227,120000,43887.34615384616,44299,1322.7,3.318,0.3692,0.1,RIESGOSO
1981,44,m,unión libre,4,1,41721,120000,52469.02307692308,80455,4172.1,1.2576,0.6705,0.1,MODERADO
1982,32,m,soltero,1,0,17813,30000,47391.50769230769,1388,3918.86,2.6605,0.0463,0.22,RIESGOSO
1983,52,f,divorciado,4,1,31834,50000,47004.38461538461,8406,3183.4,1.4765,0.1681,0.1,RIESGOSO
1984,37,f,unión libre,1,0,49506,120000,50722.77692307692,48802,4950.6,1.0246,0.4067,0.1,MODERADO
1985,46,m,divorciado,3,0,66024,30000,44889.761538461535,18213,6602.4,0.6799,0.6071,0.1,SALUDABLE
1986,64,m,soltero,4,0,37598,50000,47554.230769230766,9996,3759.8,1.2648,0.1999,0.1,SALUDABLE
1987,22,f,unión libre,3,0,33560,30000,51191.43846153846,19817,7383.2,1.5254,0.6606,0.22,SALUDABLE
1988,67,m,divorciado,4,1,69107,120000,33644.64615384615,104662,2073.21,0.4868,0.8722,0.03,MODERADO
1989,19,m,soltero,3,0,74260,15000,42608.68461538461,11128,2227.8,0.5738,0.7419,0.03,SALUDABLE
1990,50,f,divorciado,2,1,32038,120000,51732.43076923077,51465,961.14,1.6147,0.4289,0.03,MODERADO
1991,33,f,unión libre,2,0,52240,80000,43771.02307692308,61748,5224.0,0.8379,0.7718,0.1,MODERADO
1992,40,m,casado,4,0,45349,120000,44859.10769230769,115670,1360.47,0.9892,0.9639,0.03,MODERADO
1993,20,f,soltero,3,1,42364,80000,36136.04615384615,57118,4236.4,0.853,0.714,0.1,MODERADO
1994,59,m,divorciado,0,0,50390,50000,40106.69230769231,23961,5039.0,0.7959,0.4792,0.1,SALUDABLE
1995,29,f,casado,1,0,72158,30000,56712.33076923077,26987,7215.8,0.7859,0.8996,0.1,SALUDABLE
1996,62,f,casado,1,1,25812,50000,35732.46923076923,48158,2581.2,1.3843,0.9632,0.1,MODERADO
1997,29,m,divorciado,4,0,52316,120000,40475.8,106268,5231.6,0.7737,0.8856,0.1,MODERADO
1998,64,m,divorciado,4,1,54232,80000,45885.19230769231,43259,5423.2,0.8461,0.5407,0.1,SALUDABLE
1999,35,f,unión libre,2,0,75092,80000,32984.730769230766,42850,7509.2,0.4393,0.5356,0.1,SALUDABLE
2000,52,f,unión libre,1,0,53687,120000,41133.80769230769,47712,5368.7,0.7662,0.3976,0.1,MODERADO
2001,45,f,unión libre,1,1,51528,80000,43812.161538461536,26349,5152.8,0.8503,0.3294,0.1,SALUDABLE
2002,21,f,soltero,4,0,51212,15000,39596.76923076923,13032,11266.64,0.7732,0.8688,0.22,SALUDABLE
2003,22,m,casado,2,1,22273,50000,59952.84615384615,19962,4900.06,2.6917,0.3992,0.22,RIESGOSO
2004,33,f,divorciado,1,0,12803,30000,38196.915384615386,19469,384.09,2.9834,0.649,0.03,RIESGOSO
2005,69,m,divorciado,1,0,67714,50000,47787.77692307692,37359,14897.08,0.7057,0.7472,0.22,SALUDABLE
2006,25,f,soltero,0,0,19170,80000,51633.415384615386,25268,1917.0,2.6934,0.3158,0.1,RIESGOSO
2007,64,m,casado,2,1,14698,120000,40067.12307692308,40136,1469.8,2.726,0.3345,0.1,RIESGOSO
2008,30,m,casado,0,0,50187,50000,42690.73846153846,43400,5018.7,0.8506,0.868,0.1,MODERADO
2009,40,m,divorciado,2,1,46410,15000,37849.95384615385,470,4641.0,0.8156,0.0313,0.1,SALUDABLE
2010,41,m,casado,1,1,20915,120000,46494.14615384615,44896,2091.5,2.223,0.3741,0.1,RIESGOSO
2011,66,m,casado,4,0,66231,120000,53584.07692307692,58237,14570.82,0.809,0.4853,0.22,SALUDABLE
2012,24,f,casado,0,0,68803,30000,35316.876923076925,4233,6880.3,0.5133,0.1411,0.1,SALUDABLE
2013,38,m,casado,4,1,23892,50000,47279.369230769225,43515,2389.2,1.9789,0.8703,0.1,RIESGOSO
2014,70,m,divorciado,0,0,8201,80000,46188.52307692308,32917,820.1,5.6321,0.4115,0.1,RIESGOSO
2015,55,m,soltero,0,1,69269,30000,41326.31538461538,27175,2078.07,0.5966,0.9058,0.03,SALUDABLE
2016,34,f,soltero,1,1,24265,15000,34971.653846153844,7070,2426.5,1.4412,0.4713,0.1,RIESGOSO
2017,25,m,casado,0,0,44830,50000,38817.18461538461,24806,4483.0,0.8659,0.4961,0.1,SALUDABLE
2018,48,f,divorciado,2,1,29855,50000,46019.77692307692,43413,6568.1,1.5414,0.8683,0.22,MODERADO
2019,32,f,unión libre,4,1,68522,15000,35054.407692307694,4161,2055.66,0.5116,0.2774,0.03,SALUDABLE
2020,66,f,soltero,1,1,56049,50000,36527.15384615384,23720,12330.78,0.6517,0.4744,0.22,SALUDABLE
2021,49,f,unión libre,1,1,10837,15000,51665.08461538461,9121,2384.14,4.7675,0.6081,0.22,RIESGOSO
2022,44,f,unión libre,4,0,36446,15000,33649.5,1414,1093.38,0.9233,0.0943,0.03,RIESGOSO
2023,33,m,unión libre,3,0,66638,80000,57263.19230769231,45761,6663.8,0.8593,0.572,0.1,SALUDABLE
2024,59,m,casado,3,0,72896,50000,46180.26923076923,36678,7289.6,0.6335,0.7336,0.1,SALUDABLE
2025,37,m,divorciado,3,0,36306,80000,57340.7,37554,1089.18,1.5794,0.4694,0.03,RIESGOSO
2026,34,m,unión libre,4,0,36594,120000,51389.83846153846,30115,1097.82,1.4043,0.251,0.03,RIESGOSO
2027,36,m,divorciado,0,0,25091,80000,48838.67692307692,75492,2509.1,1.9465,0.9436,0.1,MODERADO
2028,28,m,casado,3,1,33780,80000,45269.44615384616,44966,7431.6,1.3401,0.5621,0.22,MODERADO
2029,26,m,soltero,4,1,32347,30000,45429.26923076923,22145,7116.34,1.4044,0.7382,0.22,SALUDABLE
2030,70,f,divorciado,0,0,69650,30000,39875.08461538461,4375,6965.0,0.5725,0.1458,0.1,SALUDABLE
2031,41,m,soltero,2,1,18796,80000,49085.24615384615,75066,563.88,2.6115,0.9383,0.03,MODERADO
2032,55,f,casado,3,1,36554,15000,43414.66923076923,332,1096.62,1.1877,0.0221,0.03,RIESGOSO
2033,51,m,unión libre,2,0,12562,15000,46975.86153846154,12436,1256.2,3.7395,0.8291,0.1,RIESGOSO
2034,28,f,unión libre,1,0,29550,80000,50031.7,12092,886.5,1.6931,0.1512,0.03,RIESGOSO
2035,62,f,unión libre,2,1,61672,120000,51909.869230769225,111089,1850.16,0.8417,0.9257,0.03,MODERADO
2036,37,m,casado,1,0,43507,30000,35067.95384615385,836,9571.54,0.806,0.0279,0.22,SALUDABLE
2037,68,m,divorciado,3,0,41608,15000,37333.96923076923,12172,4160.8,0.8973,0.8115,0.1,SALUDABLE
2038,34,f,divorciado,4,1,8122,30000,45903.36923076923,6602,1786.84,5.6517,0.2201,0.22,RIESGOSO
2039,30,f,casado,0,0,47210,120000,51113.75384615384,460,4721.0,1.0827,0.0038,0.1,SALUDABLE
2040,69,m,divorciado,4,0,19256,15000,47914.79230769231,9745,1925.6,2.4883,0.6497,0.1,RIESGOSO
2041,24,m,casado,3,0,16891,80000,56988.86153846154,76368,1689.1,3.3739,0.9546,0.1,MODERADO
2042,30,f,casado,4,0,71266,50000,34355.6,37754,7126.6,0.4821,0.7551,0.1,SALUDABLE
2043,61,f,divorciado,2,0,51891,120000,33550.907692307694,23213,1556.73,0.6466,0.1934,0.03,SALUDABLE
2044,21,m,unión libre,2,0,78532,50000,51159.94615384616,19654,2355.96,0.6515,0.3931,0.03,SALUDABLE
2045,62,m,divorciado,3,1,41491,80000,33187.946153846155,5268,1244.73,0.7999,0.0659,0.03,RIESGOSO
2046,34,f,divorciado,0,0,60914,120000,44973.223076923074,106869,6091.4,0.7383,0.8906,0.1,MODERADO
2047,36,m,casado,2,0,61070,30000,46500.553846153845,16436,6107.0,0.7614,0.5479,0.1,SALUDABLE
2048,35,f,casado,3,1,44842,50000,44688.03846153846,49077,4484.2,0.9966,0.9815,0.1,MODERADO
2049,66,f,unión libre,0,0,51679,30000,59350.33846153846,26727,1550.37,1.1484,0.8909,0.03,SALUDABLE
2050,70,m,soltero,1,0,22764,120000,47930.68461538461,84050,2276.4,2.1055,0.7004,0.1,MODERADO
2051,43,m,divorciado,4,0,18704,50000,42369.43846153846,28257,561.12,2.2653,0.5651,0.03,RIESGOSO
2052,38,f,soltero,2,0,77553,120000,37441.19230769231,7717,2326.59,0.4828,0.0643,0.03,SALUDABLE
2053,40,m,soltero,1,0,45143,80000,44267.49230769231,58389,4514.3,0.9806,0.7299,0.1,MODERADO
2054,53,f,unión libre,0,1,32105,15000,35989.723076923074,1605,7063.1,1.121,0.107,0.22,SALUDABLE
2055,31,f,unión libre,0,0,43010,50000,46620.0,39377,9462.2,1.0839,0.7875,0.22,SALUDABLE
2056,56,m,casado,4,1,17528,15000,34052.36153846154,10339,525.84,1.9427,0.6893,0.03,RIESGOSO
2057,21,m,unión libre,1,1,32900,50000,40997.01538461538,25990,3290.0,1.2461,0.5198,0.1,RIESGOSO
2058,55,f,soltero,2,1,77771,80000,54215.52307692308,58744,7777.1,0.6971,0.7343,0.1,MODERADO
2059,53,f,soltero,1,0,47130,120000,35222.56923076923,33917,10368.6,0.7473,0.2826,0.22,SALUDABLE
2060,31,m,divorciado,4,0,31304,15000,57864.99230769231,11590,3130.4,1.8485,0.7727,0.1,RIESGOSO
2061,33,f,divorciado,0,0,33576,15000,48619.44615384616,12524,3357.6,1.448,0.8349,0.1,RIESGOSO
2062,34,f,divorciado,0,1,61961,80000,46643.58461538461,69638,1858.83,0.7528,0.8705,0.03,MODERADO
2063,47,m,divorciado,3,0,13969,30000,52000.81538461538,10597,1396.9,3.7226,0.3532,0.1,RIESGOSO
2064,22,m,divorciado,2,0,76211,120000,46611.11538461538,33974,2286.33,0.6116,0.2831,0.03,SALUDABLE
2065,56,f,casado,2,0,61445,15000,47131.03076923077,7193,13517.9,0.767,0.4795,0.22,SALUDABLE
2066,29,m,unión libre,2,0,73858,120000,41789.8,34690,16248.76,0.5658,0.2891,0.22,SALUDABLE
2067,56,m,soltero,0,0,37701,120000,57025.32307692307,98727,3770.1,1.5126,0.8227,0.1,MODERADO
2068,31,m,divorciado,1,1,28709,30000,42457.415384615386,13732,2870.9,1.4789,0.4577,0.1,RIESGOSO
2069,32,m,divorciado,2,1,75814,120000,40664.67692307692,69140,7581.4,0.5364,0.5762,0.1,MODERADO
2070,38,f,casado,3,0,14018,15000,48296.81538461539,11381,1401.8,3.4453,0.7587,0.1,RIESGOSO
2071,45,f,unión libre,1,1,52753,120000,45204.91538461538,59088,1582.59,0.8569,0.4924,0.03,MODERADO
2072,60,m,casado,4,0,74132,80000,40296.16923076923,5946,7413.2,0.5436,0.0743,0.1,SALUDABLE
2073,31,m,soltero,4,1,59342,15000,40059.2,6795,13055.24,0.6751,0.453,0.22,SALUDABLE
2074,41,m,divorciado,1,0,28640,30000,45641.7923076923,6223,2864.0,1.5936,0.2074,0.1,RIESGOSO
2075,46,m,divorciado,3,1,14965,80000,37674.330769230764,78015,1496.5,2.5175,0.9752,0.1,MODERADO
2076,53,m,soltero,1,0,27784,80000,43310.869230769225,77640,6112.48,1.5588,0.9705,0.22,MODERADO
2077,42,f,casado,0,1,71531,120000,37991.5,64955,7153.1,0.5311,0.5413,0.1,MODERADO
2078,52,f,unión libre,1,0,44865,15000,39047.47692307692,10876,4486.5,0.8703,0.7251,0.1,SALUDABLE
2079,31,m,divorciado,0,1,79037,30000,45619.723076923074,17175,7903.7,0.5772,0.5725,0.1,SALUDABLE
2080,46,f,soltero,1,1,20215,120000,40403.93846153846,51013,4447.3,1.9987,0.4251,0.22,MODERADO
2081,23,f,divorciado,4,1,25118,50000,42744.56153846154,32367,753.54,1.7018,0.6473,0.03,RIESGOSO
2082,39,m,divorciado,0,1,47884,30000,32713.07692307692,14880,4788.4,0.6832,0.496,0.1,SALUDABLE
2083,27,f,casado,3,0,47535,15000,51332.59230769231,9955,1426.05,1.0799,0.6637,0.03,SALUDABLE
2084,40,m,divorciado,3,1,40972,15000,51563.51538461538,11569,1229.16,1.2585,0.7713,0.03,RIESGOSO
2085,33,f,soltero,0,0,41681,15000,40996.59230769231,893,9169.82,0.9836,0.0595,0.22,SALUDABLE
2086,24,f,soltero,1,1,37066,50000,46156.223076923074,27425,1111.98,1.2452,0.5485,0.03,RIESGOSO
2087,59,m,soltero,1,0,47774,30000,41804.53076923077,15712,10510.28,0.875,0.5237,0.22,SALUDABLE
2088,55,f,casado,4,0,21349,30000,38841.27692307692,27240,2134.9,1.8193,0.908,0.1,RIESGOSO
2089,64,f,divorciado,2,0,47599,15000,33226.23846153846,3393,4759.9,0.698,0.2262,0.1,SALUDABLE
2090,32,f,divorciado,0,1,56472,120000,44132.45384615385,82493,5647.2,0.7815,0.6874,0.1,MODERADO
2091,68,m,unión libre,3,0,24615,80000,44284.93846153846,49855,2461.5,1.7991,0.6232,0.1,MODERADO
2092,34,m,unión libre,2,0,19391,15000,42742.1,10965,581.73,2.2042,0.731,0.03,RIESGOSO
2093,43,m,soltero,0,1,30998,30000,45640.15384615384,11614,929.94,1.4724,0.3871,0.03,RIESGOSO
2094,34,m,divorciado,3,1,22802,80000,47749.65384615384,33779,5016.44,2.0941,0.4222,0.22,RIESGOSO
2095,46,m,divorciado,4,1,27897,50000,50513.69230769231,7633,836.91,1.8107,0.1527,0.03,RIESGOSO
2096,30,m,divorciado,4,0,35710,15000,55235.15384615384,13396,7856.2,1.5468,0.8931,0.22,SALUDABLE
2097,27,m,divorciado,1,1,32264,30000,46812.14615384615,203,3226.4,1.4509,0.0068,0.1,RIESGOSO
2098,49,f,divorciado,4,0,12228,80000,39051.77692307692,11108,1222.8,3.1936,0.1388,0.1,RIESGOSO
2099,34,f,casado,1,1,15631,15000,39877.96153846154,4280,1563.1,2.5512,0.2853,0.1,RIESGOSO
2100,59,m,divorciado,3,1,18452,50000,60654.84615384615,4515,1845.2,3.2872,0.0903,0.1,RIESGOSO
2101,24,f,soltero,4,0,53591,15000,44520.73846153846,12091,1607.73,0.8308,0.8061,0.03,SALUDABLE
2102,68,f,unión libre,2,0,17462,30000,38179.44615384616,1011,3841.64,2.1864,0.0337,0.22,RIESGOSO
2103,36,f,casado,4,0,66778,15000,43483.3,12284,6677.8,0.6512,0.8189,0.1,SALUDABLE
2104,32,f,soltero,2,1,73206,15000,35245.876923076925,10832,7320.6,0.4815,0.7221,0.1,SALUDABLE
2105,19,m,unión libre,1,1,14373,50000,32508.32307692308,32397,1437.3,2.2618,0.6479,0.1,RIESGOSO
2106,68,f,casado,1,0,20957,30000,50401.24615384615,1790,2095.7,2.405,0.0597,0.1,RIESGOSO
2107,53,f,unión libre,0,0,19687,30000,35197.64615384615,3934,590.61,1.7879,0.1311,0.03,RIESGOSO
2108,60,f,soltero,2,0,15930,80000,44383.661538461536,76898,1593.0,2.7862,0.9612,0.1,MODERADO
2109,48,m,divorciado,2,0,60246,50000,36999.64615384615,13131,6024.6,0.6141,0.2626,0.1,SALUDABLE
2110,26,f,divorciado,2,1,45184,15000,46650.10769230769,1558,4518.4,1.0324,0.1039,0.1,SALUDABLE
2111,35,f,soltero,0,0,18888,80000,36375.75384615384,44187,566.64,1.9259,0.5523,0.03,RIESGOSO
2112,56,f,soltero,4,1,56167,50000,57191.31538461538,30783,1685.01,1.0182,0.6157,0.03,SALUDABLE
2113,30,m,unión libre,2,0,71236,30000,42645.84615384616,15544,7123.6,0.5987,0.5181,0.1,SALUDABLE
2114,57,m,unión libre,0,1,77488,120000,38475.53846153846,86025,7748.8,0.4965,0.7169,0.1,MODERADO
2115,31,f,soltero,2,0,34287,15000,42410.830769230764,8801,3428.7,1.2369,0.5867,0.1,SALUDABLE
2116,33,f,casado,2,1,57112,15000,49404.30769230769,14307,5711.2,0.865,0.9538,0.1,SALUDABLE
2117,57,f,casado,1,0,48685,15000,50352.60769230769,11519,10710.7,1.0343,0.7679,0.22,SALUDABLE
2118,54,m,unión libre,4,0,54819,15000,47123.34615384615,11670,5481.9,0.8596,0.778,0.1,SALUDABLE
2119,30,m,divorciado,4,1,45213,80000,61798.71538461538,37120,4521.3,1.3668,0.464,0.1,SALUDABLE
2120,57,f,divorciado,2,0,52322,30000,45883.2923076923,12639,11510.84,0.8769,0.4213,0.22,SALUDABLE
2121,61,f,divorciado,4,0,77753,30000,51105.07692307692,29293,2332.59,0.6573,0.9764,0.03,SALUDABLE
2122,42,m,divorciado,3,1,34946,15000,46808.71538461538,2246,1048.38,1.3395,0.1497,0.03,RIESGOSO
2123,46,f,divorciado,4,0,9370,15000,48430.75384615385,11048,2061.4,5.1687,0.7365,0.22,RIESGOSO
2124,35,m,divorciado,0,1,68335,120000,35904.24615384615,74453,6833.5,0.5254,0.6204,0.1,MODERADO
2125,62,f,unión libre,2,0,31054,50000,40936.58461538461,42046,3105.4,1.3182,0.8409,0.1,MODERADO
2126,28,f,divorciado,3,1,35736,120000,42913.00769230769,78881,3573.6,1.2008,0.6573,0.1,MODERADO
2127,32,m,soltero,2,0,63684,50000,50328.03846153846,8887,6368.4,0.7903,0.1777,0.1,SALUDABLE
2128,39,m,soltero,1,1,57623,15000,54969.8,3142,1728.69,0.954,0.2095,0.03,SALUDABLE
2129,39,m,casado,1,0,47981,15000,45879.56153846154,3105,1439.43,0.9562,0.207,0.03,SALUDABLE
2130,54,m,soltero,0,1,73791,15000,39110.82307692307,3805,7379.1,0.53,0.2537,0.1,SALUDABLE
2131,36,f,unión libre,3,1,12151,120000,36350.723076923074,100742,1215.1,2.9916,0.8395,0.1,MODERADO
2132,58,f,soltero,0,0,70481,15000,51795.415384615386,12787,7048.1,0.7349,0.8525,0.1,SALUDABLE
2133,37,m,casado,2,1,77449,80000,43745.261538461535,19733,7744.9,0.5648,0.2467,0.1,SALUDABLE
2134,41,m,divorciado,4,1,27161,15000,46877.94615384616,14914,2716.1,1.7259,0.9943,0.1,RIESGOSO
2135,45,m,soltero,1,1,41782,50000,45627.2,3,1253.46,1.092,0.0001,0.03,RIESGOSO
2136,29,m,casado,0,1,76619,15000,43781.92307692308,12799,16856.18,0.5714,0.8533,0.22,SALUDABLE
2137,47,m,unión libre,0,1,13497,120000,39651.50769230769,99977,2969.34,2.9378,0.8331,0.22,MODERADO
2138,38,f,divorciado,3,1,14623,80000,46190.39230769231,4387,1462.3,3.1587,0.0548,0.1,RIESGOSO
2139,19,f,unión libre,1,1,30444,30000,29234.23846153846,15988,913.32,0.9603,0.5329,0.03,RIESGOSO
2140,52,f,unión libre,2,1,21224,120000,45859.18461538461,22335,2122.4,2.1607,0.1861,0.1,RIESGOSO
2141,31,f,soltero,1,1,54897,50000,39513.02307692308,28787,5489.7,0.7198,0.5757,0.1,SALUDABLE
2142,54,m,unión libre,3,1,48908,120000,54272.45384615385,7946,1467.24,1.1097,0.0662,0.03,RIESGOSO
2143,59,m,casado,0,0,63744,15000,43588.43846153846,5581,14023.68,0.6838,0.3721,0.22,SALUDABLE
2144,39,m,divorciado,3,1,69317,80000,50415.984615384616,11105,6931.7,0.7273,0.1388,0.1,SALUDABLE
2145,23,m,soltero,0,0,72514,80000,51123.32307692307,63105,2175.42,0.705,0.7888,0.03,MODERADO
2146,44,m,unión libre,2,0,42796,50000,34295.484615384616,21376,9415.12,0.8014,0.4275,0.22,SALUDABLE
2147,68,f,soltero,3,0,79919,30000,42217.53076923077,25948,17582.18,0.5283,0.8649,0.22,SALUDABLE
2148,65,m,divorciado,1,0,51880,50000,41138.19230769231,48967,1556.4,0.7929,0.9793,0.03,MODERADO
2149,34,f,casado,3,0,52122,15000,58406.57692307692,8238,5212.2,1.1206,0.5492,0.1,SALUDABLE
2150,22,m,casado,0,1,65937,80000,47871.369230769225,35454,14506.14,0.726,0.4432,0.22,SALUDABLE
2151,48,m,divorciado,2,1,56769,50000,37425.4,41279,5676.9,0.6593,0.8256,0.1,SALUDABLE
2152,47,f,divorciado,4,0,31687,120000,51461.95384615384,108294,3168.7,1.6241,0.9024,0.1,MODERADO
2153,44,m,soltero,2,0,14937,50000,54319.44615384616,22561,1493.7,3.6366,0.4512,0.1,RIESGOSO
2154,57,f,casado,0,1,41020,120000,38569.376923076925,44005,1230.6,0.9403,0.3667,0.03,MODERADO
2155,62,f,unión libre,3,1,24979,50000,59085.723076923074,14344,2497.9,2.3654,0.2869,0.1,RIESGOSO
2156,45,f,soltero,2,0,11304,120000,43944.2,6616,1130.4,3.8875,0.0551,0.1,RIESGOSO
2157,28,f,divorciado,2,0,62223,120000,50768.4,94234,6222.3,0.8159,0.7853,0.1,MODERADO
2158,25,m,divorciado,1,0,71483,50000,52748.30769230769,35479,2144.49,0.7379,0.7096,0.03,SALUDABLE
2159,50,f,divorciado,2,1,54791,15000,53631.99230769231,2483,1643.73,0.9788,0.1655,0.03,SALUDABLE
2160,22,f,casado,2,0,57574,30000,47018.81538461538,17064,5757.4,0.8167,0.5688,0.1,SALUDABLE
2161,32,m,divorciado,4,0,68642,30000,43153.9,3013,2059.26,0.6287,0.1004,0.03,SALUDABLE
2162,26,m,soltero,4,1,49666,15000,36779.31538461538,12135,1489.98,0.7405,0.809,0.03,SALUDABLE
2163,55,m,unión libre,0,0,24915,120000,43896.67692307692,73572,747.45,1.7619,0.6131,0.03,MODERADO
2164,36,m,casado,2,1,79461,80000,28706.915384615382,9086,17481.42,0.3613,0.1136,0.22,SALUDABLE
2165,52,f,unión libre,4,1,31362,50000,35964.04615384615,34017,3136.2,1.1467,0.6803,0.1,RIESGOSO
2166,32,f,soltero,3,1,10377,50000,36905.723076923074,13548,311.31,3.5565,0.271,0.03,RIESGOSO
2167,47,f,unión libre,1,0,26588,15000,37075.47692307692,12288,2658.8,1.3944,0.8192,0.1,RIESGOSO
2168,22,m,divorciado,2,1,14531,120000,34650.57692307692,22811,435.93,2.3846,0.1901,0.03,RIESGOSO
2169,62,f,soltero,4,0,8367,120000,53846.1,89255,251.01,6.4355,0.7438,0.03,RIESGOSO
2170,56,m,divorciado,2,1,57211,30000,40457.60769230769,21640,5721.1,0.7072,0.7213,0.1,SALUDABLE
2171,65,f,divorciado,3,1,37193,80000,33731.04615384615,50030,3719.3,0.9069,0.6254,0.1,MODERADO
2172,33,m,divorciado,1,0,30301,30000,34722.99230769231,17186,3030.1,1.1459,0.5729,0.1,RIESGOSO
2173,21,f,casado,1,0,71001,50000,39656.16923076923,48654,7100.1,0.5585,0.9731,0.1,SALUDABLE
2174,22,m,soltero,3,1,49261,80000,50819.71538461538,53383,1477.83,1.0316,0.6673,0.03,MODERADO
2175,42,f,casado,1,0,9364,120000,45573.830769230764,23603,280.92,4.8669,0.1967,0.03,RIESGOSO
2176,66,f,casado,0,1,38370,15000,33500.592307692306,2371,3837.0,0.8731,0.1581,0.1,SALUDABLE
2177,50,m,unión libre,3,1,65360,15000,58237.62307692308,8474,1960.8,0.891,0.5649,0.03,SALUDABLE
2178,62,m,unión libre,4,0,22440,50000,41788.97692307692,49886,4936.8,1.8623,0.9977,0.22,MODERADO
2179,29,f,divorciado,1,0,75730,120000,45520.36923076923,10127,7573.0,0.6011,0.0844,0.1,SALUDABLE
2180,22,f,casado,2,1,57563,30000,47561.46923076923,28258,1726.89,0.8263,0.9419,0.03,SALUDABLE
2181,19,f,casado,4,0,46773,80000,36087.730769230766,72217,1403.19,0.7716,0.9027,0.03,MODERADO
2182,43,m,divorciado,4,1,55821,15000,37432.86923076923,12911,1674.63,0.6706,0.8607,0.03,SALUDABLE
2183,35,m,casado,0,1,47316,120000,43300.1,12902,4731.6,0.9151,0.1075,0.1,SALUDABLE
2184,23,f,divorciado,4,1,26176,30000,43091.230769230766,16323,2617.6,1.6462,0.5441,0.1,RIESGOSO
2185,21,f,casado,3,1,43494,50000,53690.64615384615,39318,4349.4,1.2344,0.7864,0.1,SALUDABLE
2186,70,f,unión libre,4,0,12372,30000,36396.04615384615,12516,371.16,2.9418,0.4172,0.03,RIESGOSO
2187,34,f,casado,0,0,11829,15000,41860.9,6062,2602.38,3.5388,0.4041,0.22,RIESGOSO
2188,38,f,soltero,3,0,28713,120000,44725.21538461538,72881,6316.86,1.5577,0.6073,0.22,MODERADO
2189,45,m,unión libre,2,0,27273,30000,42084.661538461536,12547,6000.06,1.5431,0.4182,0.22,SALUDABLE
2190,52,m,casado,0,0,8097,80000,40736.60769230769,23549,809.7,5.0311,0.2944,0.1,RIESGOSO
2191,57,f,soltero,3,0,60976,15000,59508.93076923077,12057,6097.6,0.9759,0.8038,0.1,SALUDABLE
2192,53,m,unión libre,0,1,37472,80000,35085.984615384616,40373,1124.16,0.9363,0.5047,0.03,MODERADO
2193,31,m,casado,4,0,16600,15000,39113.2923076923,6345,1660.0,2.3562,0.423,0.1,RIESGOSO
2194,47,f,unión libre,1,1,19382,80000,51016.87692307692,4192,581.46,2.6322,0.0524,0.03,RIESGOSO
2195,48,f,divorciado,4,0,19622,50000,59468.13076923077,36118,588.66,3.0307,0.7224,0.03,RIESGOSO
2196,24,m,casado,2,0,23380,120000,45663.09230769231,49927,2338.0,1.9531,0.4161,0.1,MODERADO
2197,41,m,unión libre,0,0,77144,15000,48622.32307692307,8837,7714.4,0.6303,0.5891,0.1,SALUDABLE
2198,37,m,soltero,2,0,52879,50000,49788.26923076923,22010,5287.9,0.9416,0.4402,0.1,SALUDABLE
2199,23,m,divorciado,4,1,12394,50000,51227.68461538461,958,1239.4,4.1333,0.0192,0.1,RIESGOSO
2200,65,m,casado,4,0,49548,30000,39154.43846153846,29328,1486.44,0.7902,0.9776,0.03,SALUDABLE
2201,39,m,casado,2,1,11072,15000,39476.03846153846,3653,1107.2,3.5654,0.2435,0.1,RIESGOSO
2202,49,m,unión libre,0,0,14400,120000,43984.723076923074,37192,1440.0,3.0545,0.3099,0.1,RIESGOSO
2203,21,f,divorciado,3,0,49932,15000,40102.69230769231,12137,10985.04,0.8031,0.8091,0.22,SALUDABLE
2204,52,m,divorciado,3,1,56419,15000,50868.76923076923,1929,1692.57,0.9016,0.1286,0.03,SALUDABLE
2205,42,m,casado,4,1,15420,30000,50906.35384615385,22409,1542.0,3.3013,0.747,0.1,RIESGOSO
2206,40,f,unión libre,3,1,61559,80000,42103.46923076923,6735,6155.9,0.684,0.0842,0.1,SALUDABLE
2207,61,m,divorciado,3,0,44807,120000,35595.2,29499,1344.21,0.7944,0.2458,0.03,MODERADO
2208,40,m,soltero,1,0,21086,50000,46005.730769230766,29665,4638.92,2.1818,0.5933,0.22,RIESGOSO
2209,69,f,casado,2,1,68292,50000,35756.623076923075,4071,2048.76,0.5236,0.0814,0.03,SALUDABLE
2210,33,f,soltero,0,1,36694,80000,48295.2923076923,563,3669.4,1.3162,0.007,0.1,RIESGOSO
2211,39,m,divorciado,0,1,31644,50000,36430.23846153846,13719,3164.4,1.1513,0.2744,0.1,RIESGOSO
2212,31,m,unión libre,4,1,64145,80000,34981.35384615384,33657,1924.35,0.5453,0.4207,0.03,SALUDABLE
2213,36,m,divorciado,0,1,14166,80000,44103.92307692308,43391,1416.6,3.1134,0.5424,0.1,RIESGOSO
2214,53,m,soltero,1,1,12941,50000,49114.61538461538,5754,388.23,3.7953,0.1151,0.03,RIESGOSO
2215,64,f,unión libre,3,1,59157,120000,45841.95384615385,16121,1774.71,0.7749,0.1343,0.03,SALUDABLE
2216,25,m,soltero,4,0,50967,15000,36706.27692307692,4597,11212.74,0.7202,0.3065,0.22,SALUDABLE
2217,39,m,unión libre,1,1,43892,120000,37662.43846153846,84558,4389.2,0.8581,0.7046,0.1,MODERADO
2218,37,m,casado,4,0,74891,15000,45206.73846153846,12951,7489.1,0.6036,0.8634,0.1,SALUDABLE
2219,25,m,divorciado,3,1,49863,50000,35257.21538461538,49873,4986.3,0.7071,0.9975,0.1,MODERADO
2220,21,f,casado,3,0,55597,50000,34084.515384615384,16994,5559.7,0.6131,0.3399,0.1,SALUDABLE
2221,22,f,soltero,0,1,53090,50000,37383.42307692308,34933,1592.7,0.7042,0.6987,0.03,SALUDABLE
2222,40,f,casado,2,1,61288,120000,55997.7,42374,6128.8,0.9137,0.3531,0.1,MODERADO
2223,44,f,divorciado,1,1,48648,15000,38576.96153846154,14844,4864.8,0.793,0.9896,0.1,SALUDABLE
2224,51,f,soltero,1,1,53820,50000,42871.376923076925,3087,5382.0,0.7966,0.0617,0.1,SALUDABLE
2225,70,m,divorciado,3,1,41410,120000,31994.515384615384,96373,1242.3,0.7726,0.8031,0.03,MODERADO
2226,65,f,divorciado,1,0,47820,50000,40143.56153846154,41646,4782.0,0.8395,0.8329,0.1,SALUDABLE
2227,68,f,divorciado,1,1,68818,50000,53719.36153846153,10744,6881.8,0.7806,0.2149,0.1,SALUDABLE
2228,58,f,divorciado,1,1,49592,80000,44676.43076923077,74695,1487.76,0.9009,0.9337,0.03,MODERADO
2229,22,f,soltero,2,1,41293,80000,55383.62307692308,79934,9084.46,1.3412,0.9992,0.22,MODERADO
2230,25,m,soltero,4,0,66641,15000,55856.78461538461,11100,6664.1,0.8382,0.74,0.1,SALUDABLE
2231,20,f,casado,2,1,79457,30000,43788.43846153846,17175,2383.71,0.5511,0.5725,0.03,SALUDABLE
2232,36,f,divorciado,2,1,72331,30000,33852.93076923077,11145,7233.1,0.468,0.3715,0.1,SALUDABLE
2233,42,m,casado,3,1,49115,120000,40569.59230769231,83458,1473.45,0.826,0.6955,0.03,MODERADO
2234,53,f,soltero,0,0,73021,15000,52039.7923076923,8085,7302.1,0.7127,0.539,0.1,SALUDABLE
2235,49,m,unión libre,4,0,60826,30000,48985.10769230769,17373,13381.72,0.8053,0.5791,0.22,SALUDABLE
2236,22,m,unión libre,4,1,13614,120000,43286.4,24847,408.42,3.1796,0.2071,0.03,RIESGOSO
2237,39,m,unión libre,4,1,54415,80000,47755.71538461538,74809,1632.45,0.8776,0.9351,0.03,MODERADO
2238,43,f,soltero,3,1,13400,120000,50930.50769230769,117694,1340.0,3.8008,0.9808,0.1,MODERADO
2239,23,m,casado,2,1,72878,50000,40985.67692307692,37883,16033.16,0.5624,0.7577,0.22,SALUDABLE
2240,46,f,soltero,2,1,9828,120000,45083.09230769231,90991,982.8,4.5872,0.7583,0.1,MODERADO
2241,70,f,soltero,3,1,20595,15000,34260.97692307692,3065,617.85,1.6636,0.2043,0.03,RIESGOSO
2242,60,m,divorciado,3,0,28063,30000,52675.12307692308,3485,841.89,1.877,0.1162,0.03,RIESGOSO
2243,53,f,soltero,2,1,14156,80000,45499.73846153846,26356,1415.6,3.2142,0.3294,0.1,RIESGOSO
2244,38,m,casado,4,0,67851,120000,51791.261538461535,52001,6785.1,0.7633,0.4333,0.1,MODERADO
2245,67,m,soltero,3,0,43181,80000,51138.0,58747,9499.82,1.1843,0.7343,0.22,MODERADO
2246,25,f,casado,4,1,75856,50000,36885.78461538461,21096,2275.68,0.4863,0.4219,0.03,SALUDABLE
2247,55,m,casado,2,1,65513,15000,43582.31538461539,10710,6551.3,0.6652,0.714,0.1,SALUDABLE
2248,29,f,soltero,3,0,36448,80000,42423.45384615385,56531,3644.8,1.1639,0.7066,0.1,MODERADO
2249,52,f,unión libre,1,0,74503,120000,40996.869230769225,65943,7450.3,0.5503,0.5495,0.1,MODERADO
2250,24,f,divorciado,3,1,53167,15000,51804.66923076923,11165,5316.7,0.9744,0.7443,0.1,SALUDABLE
2251,43,f,soltero,2,0,73891,50000,46879.54615384615,28555,2216.73,0.6344,0.5711,0.03,SALUDABLE
2252,38,f,soltero,4,0,70799,120000,42521.26923076923,26481,15575.78,0.6006,0.2207,0.22,SALUDABLE
2253,24,f,unión libre,4,0,74959,15000,47081.376923076925,13260,16490.98,0.6281,0.884,0.22,SALUDABLE
2254,65,m,soltero,4,1,22109,15000,42415.09230769231,977,4863.98,1.9185,0.0651,0.22,RIESGOSO
2255,24,f,unión libre,1,0,51941,50000,50501.24615384615,45075,1558.23,0.9723,0.9015,0.03,MODERADO
2256,63,m,casado,1,1,27998,50000,36134.26923076923,3646,6159.56,1.2906,0.0729,0.22,SALUDABLE
2257,64,m,casado,0,0,66409,50000,34807.37692307692,38936,14609.98,0.5241,0.7787,0.22,SALUDABLE
2258,55,m,unión libre,3,1,19392,120000,39325.407692307694,99013,1939.2,2.0279,0.8251,0.1,MODERADO
2259,31,f,soltero,2,0,61593,15000,37972.78461538461,14566,13550.46,0.6165,0.9711,0.22,SALUDABLE
2260,26,f,unión libre,2,1,10315,50000,53685.32307692307,7238,2269.3,5.2046,0.1448,0.22,RIESGOSO
2261,42,f,divorciado,2,0,35180,30000,53753.64615384615,22868,3518.0,1.528,0.7623,0.1,RIESGOSO
2262,29,m,casado,0,1,49360,50000,50989.52307692308,36612,4936.0,1.033,0.7322,0.1,SALUDABLE
2263,33,m,casado,4,1,9040,50000,47149.75384615384,5431,904.0,5.2157,0.1086,0.1,RIESGOSO
2264,70,f,casado,3,0,31682,120000,36754.30769230769,2761,950.46,1.1601,0.023,0.03,RIESGOSO
2265,18,f,soltero,4,0,10613,15000,52695.51538461538,14982,1061.3,4.9652,0.9988,0.1,RIESGOSO
2266,36,m,unión libre,4,1,10354,30000,39765.84615384616,2777,1035.4,3.8406,0.0926,0.1,RIESGOSO
2267,44,f,casado,1,1,17079,50000,50132.17692307692,2897,1707.9,2.9353,0.0579,0.1,RIESGOSO
2268,68,m,casado,1,0,69616,30000,36007.21538461538,28954,6961.6,0.5172,0.9651,0.1,SALUDABLE
2269,44,f,soltero,0,1,12497,80000,41670.553846153845,16643,1249.7,3.3344,0.208,0.1,RIESGOSO
2270,40,f,casado,3,0,9384,15000,38058.26923076923,8465,938.4,4.0557,0.5643,0.1,RIESGOSO
2271,58,m,soltero,3,0,70641,30000,54283.80769230769,24162,2119.23,0.7684,0.8054,0.03,SALUDABLE
2272,31,m,unión libre,0,0,9178,80000,45621.56923076923,71809,917.8,4.9708,0.8976,0.1,RIESGOSO
2273,32,m,divorciado,0,1,13660,30000,42374.94615384616,19129,1366.0,3.1021,0.6376,0.1,RIESGOSO
2274,53,m,soltero,0,1,25615,80000,63354.661538461536,3233,768.45,2.4733,0.0404,0.03,RIESGOSO
2275,64,m,casado,4,1,39197,15000,34490.407692307694,2174,1175.91,0.8799,0.1449,0.03,RIESGOSO
2276,48,m,casado,0,0,47184,120000,51388.58461538461,933,4718.4,1.0891,0.0078,0.1,SALUDABLE
2277,59,f,casado,0,0,8278,30000,37518.81538461538,15134,248.34,4.5324,0.5045,0.03,RIESGOSO
2278,29,m,unión libre,2,0,8726,30000,33475.653846153844,4804,872.6,3.8363,0.1601,0.1,RIESGOSO
2279,59,m,casado,2,1,76957,50000,45165.80769230769,3222,2308.71,0.5869,0.0644,0.03,SALUDABLE
2280,33,f,divorciado,0,1,47599,15000,50433.27692307692,8045,1427.97,1.0595,0.5363,0.03,SALUDABLE
2281,34,m,unión libre,4,0,60956,15000,44847.58461538461,6448,1828.68,0.7357,0.4299,0.03,SALUDABLE
2282,25,f,soltero,1,0,56761,50000,53451.369230769225,29041,5676.1,0.9417,0.5808,0.1,SALUDABLE
2283,48,f,unión libre,1,1,27039,15000,41228.06153846154,11320,5948.58,1.5248,0.7547,0.22,SALUDABLE
2284,39,f,unión libre,2,1,36009,15000,41964.907692307694,9632,1080.27,1.1654,0.6421,0.03,RIESGOSO
2285,38,f,soltero,2,0,54887,30000,41267.59230769231,7383,5488.7,0.7519,0.2461,0.1,SALUDABLE
2286,63,m,divorciado,0,1,12293,30000,53286.02307692308,23298,2704.46,4.3347,0.7766,0.22,RIESGOSO
2287,58,f,casado,4,1,20716,50000,43640.2923076923,4318,2071.6,2.1066,0.0864,0.1,RIESGOSO
2288,24,f,divorciado,3,1,26602,30000,51201.43076923077,12236,2660.2,1.9247,0.4079,0.1,RIESGOSO
2289,62,f,divorciado,2,0,16892,15000,40747.907692307694,13165,506.76,2.4123,0.8777,0.03,RIESGOSO
2290,25,m,divorciado,3,0,45361,50000,39360.54615384615,40168,9979.42,0.8677,0.8034,0.22,SALUDABLE
2291,34,m,casado,3,1,39786,50000,50408.66923076923,26662,1193.58,1.267,0.5332,0.03,RIESGOSO
2292,27,m,divorciado,3,1,43563,120000,39446.34615384616,7981,4356.3,0.9055,0.0665,0.1,SALUDABLE
2293,61,f,divorciado,3,0,38364,30000,36191.96923076923,749,1150.92,0.9434,0.025,0.03,RIESGOSO
2294,56,f,divorciado,0,0,16052,50000,54002.01538461538,48942,1605.2,3.3642,0.9788,0.1,RIESGOSO
2295,41,f,casado,0,0,70335,50000,56972.81538461538,5648,2110.05,0.81,0.113,0.03,SALUDABLE
2296,29,f,divorciado,4,1,21897,80000,42922.761538461535,5716,2189.7,1.9602,0.0714,0.1,RIESGOSO
2297,22,f,casado,2,0,56899,120000,51979.96923076923,39573,5689.9,0.9135,0.3298,0.1,MODERADO
2298,60,m,divorciado,4,1,59434,120000,46702.407692307694,106132,1783.02,0.7858,0.8844,0.03,MODERADO
2299,67,m,unión libre,2,0,60302,80000,57378.53076923077,46710,6030.2,0.9515,0.5839,0.1,SALUDABLE
2300,41,f,casado,0,1,40030,30000,39172.8,24287,4003.0,0.9786,0.8096,0.1,SALUDABLE
2301,66,m,soltero,4,0,50162,50000,36339.761538461535,12647,5016.2,0.7244,0.2529,0.1,SALUDABLE
2302,24,m,divorciado,1,0,17209,80000,41046.65384615384,74508,1720.9,2.3852,0.9314,0.1,MODERADO
2303,49,m,divorciado,1,0,56297,80000,33035.984615384616,59130,1688.91,0.5868,0.7391,0.03,MODERADO
2304,53,m,casado,3,1,54742,120000,37306.71538461538,83746,5474.2,0.6815,0.6979,0.1,MODERADO
2305,56,m,unión libre,0,0,56788,30000,47588.97692307692,345,5678.8,0.838,0.0115,0.1,SALUDABLE
2306,66,m,casado,2,0,12516,15000,52465.70769230769,4695,2753.52,4.1919,0.313,0.22,RIESGOSO
2307,49,m,casado,3,0,59916,120000,35746.30769230769,60169,13181.52,0.5966,0.5014,0.22,MODERADO
2308,66,m,unión libre,3,1,69619,30000,46725.88461538462,4918,6961.9,0.6712,0.1639,0.1,SALUDABLE
2309,18,f,soltero,0,0,44551,50000,46034.83076923077,7360,9801.22,1.0333,0.1472,0.22,SALUDABLE
2310,70,m,casado,0,1,17699,80000,40908.96923076923,26810,1769.9,2.3114,0.3351,0.1,RIESGOSO
2311,60,f,divorciado,1,1,18208,80000,34566.07692307692,5163,1820.8,1.8984,0.0645,0.1,RIESGOSO
2312,55,m,divorciado,4,1,40951,120000,47120.58461538461,39346,1228.53,1.1507,0.3279,0.03,MODERADO
2313,48,f,divorciado,3,0,38427,80000,55527.223076923074,37439,3842.7,1.445,0.468,0.1,RIESGOSO
2314,58,f,soltero,0,0,43275,50000,32768.77692307692,14340,9520.5,0.7572,0.2868,0.22,SALUDABLE
2315,35,m,divorciado,1,0,20956,50000,55289.223076923074,16897,2095.6,2.6383,0.3379,0.1,RIESGOSO
2316,62,f,divorciado,4,0,76310,120000,49730.70769230769,42370,16788.2,0.6517,0.3531,0.22,SALUDABLE
2317,29,m,soltero,0,0,31319,120000,46612.59230769231,86330,939.57,1.4883,0.7194,0.03,MODERADO
2318,23,m,unión libre,1,1,12895,120000,35087.661538461536,4632,2836.9,2.721,0.0386,0.22,RIESGOSO
2319,45,m,soltero,0,1,37049,30000,44478.876923076925,6963,1111.47,1.2005,0.2321,0.03,RIESGOSO
2320,28,m,divorciado,4,0,55464,80000,43729.42307692308,3361,12202.08,0.7884,0.042,0.22,SALUDABLE
2321,69,m,divorciado,1,1,20456,80000,57461.61538461538,42701,613.68,2.809,0.5338,0.03,RIESGOSO
2322,34,m,soltero,3,0,22207,15000,32279.96153846154,643,666.21,1.4536,0.0429,0.03,RIESGOSO
2323,67,m,unión libre,1,1,79341,15000,31357.26153846154,9936,2380.23,0.3952,0.6624,0.03,SALUDABLE
2324,57,f,casado,0,0,12743,15000,48505.92307692308,13890,1274.3,3.8065,0.926,0.1,RIESGOSO
2325,26,f,casado,0,1,19314,15000,36456.06153846154,10364,4249.08,1.8875,0.6909,0.22,RIESGOSO
2326,29,f,divorciado,4,0,70399,30000,49012.49230769231,29099,7039.9,0.6962,0.97,0.1,SALUDABLE
2327,28,f,divorciado,0,1,16237,80000,48123.53846153846,36394,3572.14,2.9638,0.4549,0.22,RIESGOSO
2328,46,f,unión libre,2,0,21203,15000,49306.32307692307,4079,2120.3,2.3254,0.2719,0.1,RIESGOSO
2329,46,m,casado,4,1,53376,120000,35515.18461538461,60907,1601.28,0.6654,0.5076,0.03,MODERADO
2330,58,m,soltero,2,1,16691,120000,57137.19230769231,74909,3672.02,3.4232,0.6242,0.22,MODERADO
2331,29,f,divorciado,2,0,45442,15000,48597.97692307692,12278,9997.24,1.0695,0.8185,0.22,SALUDABLE
2332,54,m,unión libre,2,0,55873,30000,44721.06153846154,914,5587.3,0.8004,0.0305,0.1,SALUDABLE
2333,66,f,divorciado,0,0,10246,50000,59840.46153846154,31377,307.38,5.8404,0.6275,0.03,RIESGOSO
2334,68,m,divorciado,1,0,64774,15000,36843.71538461538,5779,1943.22,0.5688,0.3853,0.03,SALUDABLE
2335,28,f,casado,2,1,21638,120000,42529.95384615385,59486,649.14,1.9655,0.4957,0.03,MODERADO
2336,38,m,unión libre,4,1,51836,15000,52489.26923076923,12914,1555.08,1.0126,0.8609,0.03,SALUDABLE
2337,31,f,divorciado,0,1,47063,50000,44835.73846153846,14161,4706.3,0.9527,0.2832,0.1,SALUDABLE
2338,52,f,soltero,1,1,77171,80000,49166.9,13391,16977.62,0.6371,0.1674,0.22,SALUDABLE
2339,62,f,soltero,4,0,33171,50000,54292.78461538461,42199,3317.1,1.6368,0.844,0.1,MODERADO
2340,66,m,casado,3,0,62884,30000,42244.50769230769,24152,13834.48,0.6718,0.8051,0.22,SALUDABLE
2341,35,m,soltero,2,1,63094,50000,40367.93076923077,2171,6309.4,0.6398,0.0434,0.1,SALUDABLE
2342,57,f,soltero,0,0,75964,30000,35110.54615384615,22019,2278.92,0.4622,0.734,0.03,SALUDABLE
2343,51,f,casado,0,0,68891,80000,49791.830769230764,23098,2066.73,0.7228,0.2887,0.03,SALUDABLE
2344,58,f,unión libre,2,1,17817,120000,50557.35384615384,30675,1781.7,2.8376,0.2556,0.1,RIESGOSO
2345,47,m,casado,0,0,37081,120000,29723.415384615382,109090,3708.1,0.8016,0.9091,0.1,MODERADO
2346,57,f,casado,0,1,29463,15000,38042.69230769231,1366,2946.3,1.2912,0.0911,0.1,RIESGOSO
2347,20,m,soltero,1,1,34916,30000,44315.21538461538,14724,7681.52,1.2692,0.4908,0.22,SALUDABLE
2348,23,f,casado,2,0,15241,30000,35239.33846153846,4436,1524.1,2.3121,0.1479,0.1,RIESGOSO
2349,21,f,divorciado,2,0,38606,15000,44955.68461538461,3911,8493.32,1.1645,0.2607,0.22,SALUDABLE
2350,40,m,unión libre,3,1,77846,120000,42055.32307692307,101910,17126.12,0.5402,0.8492,0.22,MODERADO
2351,29,f,soltero,1,0,49743,15000,50639.38461538461,12442,4974.3,1.018,0.8295,0.1,SALUDABLE
2352,63,m,casado,0,0,41592,50000,45786.03846153846,29686,4159.2,1.1008,0.5937,0.1,SALUDABLE
2353,33,m,divorciado,2,1,14421,80000,44007.907692307694,49077,1442.1,3.0517,0.6135,0.1,RIESGOSO
2354,49,m,soltero,1,1,75219,30000,47631.59230769231,29158,16548.18,0.6332,0.9719,0.22,SALUDABLE
2355,61,f,soltero,3,1,72304,30000,43979.60769230769,9175,7230.4,0.6083,0.3058,0.1,SALUDABLE
2356,63,m,casado,3,0,17060,80000,43982.15384615384,13086,511.8,2.5781,0.1636,0.03,RIESGOSO
2357,56,m,soltero,2,1,38133,120000,62989.77692307692,59326,3813.3,1.6518,0.4944,0.1,MODERADO
2358,61,m,casado,2,0,68628,15000,39462.94615384616,10437,6862.8,0.575,0.6958,0.1,SALUDABLE
2359,26,m,soltero,3,1,11356,120000,41163.45384615385,16130,1135.6,3.6248,0.1344,0.1,RIESGOSO
2360,53,m,soltero,1,0,75590,80000,48235.09230769231,52510,2267.7,0.6381,0.6564,0.03,MODERADO
2361,34,f,soltero,1,0,55929,30000,49333.60769230769,10008,1677.87,0.8821,0.3336,0.03,SALUDABLE
2362,60,m,casado,2,0,37940,30000,41161.7923076923,24287,8346.8,1.0849,0.8096,0.22,SALUDABLE
2363,40,m,unión libre,0,0,26802,15000,40125.053846153845,3296,5896.44,1.4971,0.2197,0.22,SALUDABLE
2364,66,f,soltero,1,1,69988,30000,47639.15384615384,20346,2099.64,0.6807,0.6782,0.03,SALUDABLE
2365,42,f,divorciado,1,1,47967,50000,42345.6,2162,1439.01,0.8828,0.0432,0.03,SALUDABLE
2366,18,m,unión libre,2,1,36590,120000,41723.80769230769,115967,8049.8,1.1403,0.9664,0.22,MODERADO
2367,58,m,casado,2,0,72381,30000,52156.43846153846,21737,2171.43,0.7206,0.7246,0.03,SALUDABLE
2368,20,m,divorciado,4,0,75604,50000,38360.47692307692,28207,7560.4,0.5074,0.5641,0.1,SALUDABLE
2369,31,m,soltero,3,0,30255,50000,54902.60769230769,13467,3025.5,1.8147,0.2693,0.1,RIESGOSO
2370,38,m,casado,1,0,63494,30000,42313.36923076923,9711,1904.82,0.6664,0.3237,0.03,SALUDABLE
2371,36,m,divorciado,0,1,44146,30000,49670.96153846154,7966,9712.12,1.1252,0.2655,0.22,SALUDABLE
2372,63,m,soltero,1,1,41605,15000,42327.49230769231,12828,4160.5,1.0174,0.8552,0.1,SALUDABLE
2373,68,m,casado,2,1,69718,15000,46401.553846153845,1094,6971.8,0.6656,0.0729,0.1,SALUDABLE
2374,44,m,soltero,4,1,68263,15000,38647.57692307692,6900,2047.89,0.5662,0.46,0.03,SALUDABLE
2375,69,m,unión libre,2,1,45497,120000,35973.36153846154,72559,4549.7,0.7907,0.6047,0.1,MODERADO
2376,39,f,casado,4,0,19799,50000,51226.04615384615,12374,1979.9,2.5873,0.2475,0.1,RIESGOSO
2377,54,m,soltero,4,1,33009,30000,37171.15384615384,13791,3300.9,1.1261,0.4597,0.1,SALUDABLE
2378,53,m,casado,2,0,73737,50000,49970.61538461538,22162,7373.7,0.6777,0.4432,0.1,SALUDABLE
2379,69,m,unión libre,2,0,75516,50000,54831.56153846154,14611,7551.6,0.7261,0.2922,0.1,SALUDABLE
2380,33,m,divorciado,1,1,67550,120000,55733.82307692307,114029,2026.5,0.8251,0.9502,0.03,MODERADO
2381,45,f,divorciado,2,0,36861,15000,42664.62307692308,3468,8109.42,1.1574,0.2312,0.22,SALUDABLE
2382,63,m,unión libre,3,0,66770,15000,43497.28461538461,6238,6677.0,0.6514,0.4159,0.1,SALUDABLE
2383,18,f,unión libre,2,1,23638,80000,44927.66923076923,7482,709.14,1.9007,0.0935,0.03,RIESGOSO
2384,20,m,unión libre,1,0,65980,80000,56309.00769230769,67388,6598.0,0.8534,0.8424,0.1,MODERADO
2385,35,f,unión libre,2,0,45146,80000,50415.20769230769,18812,4514.6,1.1167,0.2352,0.1,SALUDABLE
2386,30,f,casado,2,1,46777,120000,35869.35384615384,108767,4677.7,0.7668,0.9064,0.1,MODERADO
2387,56,f,divorciado,1,0,60768,120000,38985.415384615386,115747,1823.04,0.6415,0.9646,0.03,MODERADO
2388,29,m,casado,4,0,45134,15000,51041.74615384615,12194,4513.4,1.1309,0.8129,0.1,SALUDABLE
2389,25,f,soltero,2,1,13376,30000,43341.36923076923,20392,1337.6,3.2402,0.6797,0.1,RIESGOSO
2390,30,f,divorciado,1,0,32633,120000,42858.46923076923,45480,978.99,1.3133,0.379,0.03,MODERADO
2391,63,f,casado,3,0,65577,50000,38608.64615384615,38966,6557.7,0.5888,0.7793,0.1,SALUDABLE
2392,43,f,casado,4,0,56603,50000,52473.13846153846,3341,1698.09,0.927,0.0668,0.03,SALUDABLE
2393,22,f,divorciado,4,0,14256,50000,56471.69230769231,19061,3136.32,3.9613,0.3812,0.22,RIESGOSO
2394,37,f,divorciado,2,1,17763,120000,43072.11538461538,42937,3907.86,2.4248,0.3578,0.22,RIESGOSO
2395,28,m,soltero,0,1,55721,30000,36743.907692307694,4756,5572.1,0.6594,0.1585,0.1,SALUDABLE
2396,29,m,casado,3,1,56982,15000,46029.08461538461,11407,1709.46,0.8078,0.7605,0.03,SALUDABLE
2397,25,f,divorciado,0,0,36105,50000,48882.70769230769,35901,1083.15,1.3539,0.718,0.03,RIESGOSO
2398,70,f,soltero,3,1,9712,120000,47355.18461538461,37210,971.2,4.8759,0.3101,0.1,RIESGOSO
2399,43,m,casado,2,0,55103,120000,34970.53846153846,107395,5510.3,0.6346,0.895,0.1,MODERADO
2400,20,m,unión libre,0,1,26604,30000,41324.96923076923,3099,5852.88,1.5533,0.1033,0.22,SALUDABLE
2401,60,m,casado,4,1,63115,80000,41119.8,15249,13885.3,0.6515,0.1906,0.22,SALUDABLE
2402,70,f,unión libre,2,0,48675,15000,48677.223076923074,6904,10708.5,1.0,0.4603,0.22,SALUDABLE
2403,25,f,divorciado,4,0,74762,30000,47862.47692307692,23231,2242.86,0.6402,0.7744,0.03,SALUDABLE
2404,20,m,unión libre,4,0,36020,50000,36142.85384615385,203,1080.6,1.0034,0.0041,0.03,RIESGOSO
2405,47,f,unión libre,4,0,57493,30000,36927.13076923077,17346,5749.3,0.6423,0.5782,0.1,SALUDABLE
2406,51,m,divorciado,0,0,24171,80000,29660.13846153846,77547,2417.1,1.2271,0.9693,0.1,MODERADO
2407,53,m,casado,1,1,12861,80000,48145.60769230769,53802,1286.1,3.7435,0.6725,0.1,RIESGOSO
2408,36,f,soltero,4,0,65114,50000,35664.661538461536,31216,6511.4,0.5477,0.6243,0.1,SALUDABLE
2409,59,m,soltero,1,1,68519,50000,44996.46923076923,29155,6851.9,0.6567,0.5831,0.1,SALUDABLE
2410,37,f,casado,4,1,33324,80000,45670.053846153845,22421,7331.28,1.3705,0.2803,0.22,SALUDABLE
2411,59,f,soltero,2,0,42988,120000,38011.46153846154,23015,4298.8,0.8842,0.1918,0.1,SALUDABLE
2412,51,m,casado,4,0,58318,30000,52225.31538461539,20502,5831.8,0.8955,0.6834,0.1,SALUDABLE
2413,65,f,casado,2,0,30804,30000,38777.661538461536,11423,3080.4,1.2589,0.3808,0.1,RIESGOSO
2414,61,m,unión libre,4,1,54623,30000,47798.2,6011,12017.06,0.8751,0.2004,0.22,SALUDABLE
2415,43,f,casado,0,1,33571,50000,33520.053846153845,11457,3357.1,0.9985,0.2291,0.1,SALUDABLE
2416,64,m,soltero,0,0,75405,30000,39793.8,14979,7540.5,0.5277,0.4993,0.1,SALUDABLE
2417,46,m,soltero,0,0,55287,120000,37532.88461538462,15376,5528.7,0.6789,0.1281,0.1,SALUDABLE
2418,44,m,soltero,0,0,35262,120000,43677.27692307692,97506,3526.2,1.2387,0.8126,0.1,MODERADO
2419,48,f,divorciado,2,1,66863,30000,50873.01538461538,14308,14709.86,0.7609,0.4769,0.22,SALUDABLE
2420,64,f,casado,3,0,20422,120000,48531.21538461538,100743,2042.2,2.3764,0.8395,0.1,MODERADO
2421,41,f,soltero,2,1,65455,30000,28628.26923076923,15199,6545.5,0.4374,0.5066,0.1,SALUDABLE
2422,63,f,divorciado,0,0,21049,15000,58361.40769230769,6194,2104.9,2.7726,0.4129,0.1,RIESGOSO
2423,28,f,unión libre,0,1,52275,80000,35046.75384615384,22380,1568.25,0.6704,0.2798,0.03,SALUDABLE
2424,30,m,divorciado,1,1,60244,50000,62621.56923076923,12833,6024.4,1.0395,0.2567,0.1,SALUDABLE
2425,54,f,casado,2,1,78298,15000,50081.47692307692,6235,7829.8,0.6396,0.4157,0.1,SALUDABLE
2426,47,m,divorciado,0,0,56248,30000,52069.56923076923,10976,1687.44,0.9257,0.3659,0.03,SALUDABLE
2427,53,m,casado,2,1,55564,80000,48223.3,34029,5556.4,0.8679,0.4254,0.1,SALUDABLE
2428,46,f,casado,1,0,39085,120000,35520.761538461535,57303,3908.5,0.9088,0.4775,0.1,MODERADO
2429,57,m,divorciado,3,0,13375,120000,32448.046153846157,54190,401.25,2.426,0.4516,0.03,MODERADO
2430,37,m,divorciado,4,1,39174,30000,47335.24615384615,20655,1175.22,1.2083,0.6885,0.03,RIESGOSO
2431,34,m,soltero,3,0,15505,80000,41404.58461538461,63618,465.15,2.6704,0.7952,0.03,MODERADO
2432,54,m,casado,4,0,13846,80000,37088.261538461535,4076,415.38,2.6786,0.051,0.03,RIESGOSO
2433,31,m,unión libre,0,1,9662,30000,38142.97692307692,27628,289.86,3.9477,0.9209,0.03,RIESGOSO
2434,20,f,casado,0,1,16456,15000,41881.56153846154,7137,493.68,2.5451,0.4758,0.03,RIESGOSO
2435,25,f,unión libre,0,0,30512,30000,45324.230769230766,13423,915.36,1.4855,0.4474,0.03,RIESGOSO
2436,40,m,unión libre,1,0,61298,15000,51900.54615384615,10101,6129.8,0.8467,0.6734,0.1,SALUDABLE
2437,70,m,soltero,3,0,50919,120000,51270.15384615384,99387,5091.9,1.0069,0.8282,0.1,MODERADO
2438,32,f,divorciado,3,1,69663,15000,37554.84615384616,2618,15325.86,0.5391,0.1745,0.22,SALUDABLE
2439,44,f,soltero,3,0,47809,120000,48406.07692307692,12752,10517.98,1.0125,0.1063,0.22,SALUDABLE
2440,59,m,unión libre,4,1,25075,30000,43872.50769230769,15918,752.25,1.7497,0.5306,0.03,RIESGOSO
2441,68,f,casado,3,1,36315,80000,40167.830769230764,53743,7989.3,1.1061,0.6718,0.22,MODERADO
2442,47,m,unión libre,1,0,59449,120000,40196.71538461538,74246,5944.9,0.6762,0.6187,0.1,MODERADO
2443,35,m,unión libre,3,0,12810,15000,48331.51538461538,354,384.3,3.773,0.0236,0.03,RIESGOSO
2444,34,m,unión libre,1,0,56083,120000,49666.35384615384,64033,12338.26,0.8856,0.5336,0.22,MODERADO
2445,42,f,unión libre,2,0,39071,30000,46300.93076923077,6792,1172.13,1.185,0.2264,0.03,RIESGOSO
2446,21,f,divorciado,0,0,21526,50000,39501.99230769231,47867,4735.72,1.8351,0.9573,0.22,MODERADO
2447,61,m,divorciado,4,1,39184,30000,49666.64615384615,14342,3918.4,1.2675,0.4781,0.1,SALUDABLE
2448,34,f,divorciado,2,1,64378,120000,47075.39230769231,35361,1931.34,0.7312,0.2947,0.03,MODERADO
2449,38,f,divorciado,0,0,13129,120000,52473.8923076923,39473,1312.9,3.9968,0.3289,0.1,RIESGOSO
2450,70,m,casado,4,0,67576,50000,48246.63076923077,33123,14866.72,0.714,0.6625,0.22,SALUDABLE
2451,37,m,unión libre,1,0,77563,50000,62293.33846153846,231,17063.86,0.8031,0.0046,0.22,SALUDABLE
2452,32,m,divorciado,0,1,70162,50000,53531.00769230769,34747,15435.64,0.763,0.6949,0.22,SALUDABLE
2453,40,f,unión libre,4,1,53915,50000,36043.484615384616,24153,5391.5,0.6685,0.4831,0.1,SALUDABLE
2454,67,m,unión libre,3,1,69396,80000,44804.053846153845,19112,2081.88,0.6456,0.2389,0.03,SALUDABLE
2455,37,m,soltero,1,0,67260,30000,52563.00769230769,20050,6726.0,0.7815,0.6683,0.1,SALUDABLE
2456,45,m,casado,2,1,37961,30000,51479.18461538461,22153,3796.1,1.3561,0.7384,0.1,SALUDABLE
2457,54,m,divorciado,4,1,68217,30000,38725.28461538461,4875,15007.74,0.5677,0.1625,0.22,SALUDABLE
2458,68,m,soltero,1,1,78237,120000,32917.67692307692,68231,17212.14,0.4207,0.5686,0.22,SALUDABLE
2459,25,f,casado,4,1,35209,80000,45488.84615384616,78728,3520.9,1.292,0.9841,0.1,MODERADO
2460,46,f,soltero,2,0,47066,80000,46660.28461538461,60435,4706.6,0.9914,0.7554,0.1,MODERADO
2461,35,f,unión libre,1,0,18914,80000,38237.86923076923,66707,4161.08,2.0217,0.8338,0.22,MODERADO
2462,56,f,divorciado,4,1,77038,50000,58747.85384615384,19252,2311.14,0.7626,0.385,0.03,SALUDABLE
2463,58,f,divorciado,0,0,33974,30000,44075.57692307692,28044,1019.22,1.2973,0.9348,0.03,RIESGOSO
2464,43,f,soltero,0,0,10758,50000,52107.86923076923,19305,1075.8,4.8436,0.3861,0.1,RIESGOSO
2465,59,f,casado,3,0,68197,50000,41784.3,8149,2045.91,0.6127,0.163,0.03,SALUDABLE
2466,38,m,divorciado,4,1,11157,15000,50207.76923076923,6612,1115.7,4.5001,0.4408,0.1,RIESGOSO
2467,47,f,casado,1,1,61865,80000,48361.75384615384,14635,1855.95,0.7817,0.1829,0.03,SALUDABLE
2468,70,m,unión libre,2,0,47704,80000,30228.630769230767,21376,1431.12,0.6337,0.2672,0.03,SALUDABLE
2469,29,m,unión libre,0,0,60872,30000,47030.26923076923,4066,1826.16,0.7726,0.1355,0.03,SALUDABLE
2470,22,f,divorciado,1,0,35823,80000,48088.5,39355,7881.06,1.3424,0.4919,0.22,SALUDABLE
2471,36,f,casado,2,1,22539,15000,42427.42307692308,3804,4958.58,1.8824,0.2536,0.22,RIESGOSO
2472,64,m,casado,1,0,74429,30000,32307.66923076923,13501,7442.9,0.4341,0.45,0.1,SALUDABLE
2473,36,m,casado,2,1,73957,15000,55391.26923076923,4216,7395.7,0.749,0.2811,0.1,SALUDABLE
2474,48,f,soltero,2,0,79581,120000,46780.86153846154,43394,7958.1,0.5878,0.3616,0.1,SALUDABLE
2475,52,m,unión libre,4,1,67800,120000,53132.01538461538,61579,6780.0,0.7837,0.5132,0.1,MODERADO
2476,59,m,soltero,2,1,63118,50000,46404.053846153845,14433,6311.8,0.7352,0.2887,0.1,SALUDABLE
2477,70,m,divorciado,4,0,76467,80000,50036.39230769231,36329,7646.7,0.6544,0.4541,0.1,SALUDABLE
2478,53,f,unión libre,1,1,21437,30000,48196.10769230769,66,643.11,2.2483,0.0022,0.03,RIESGOSO
2479,62,m,unión libre,3,1,58113,80000,37898.77692307692,34731,12784.86,0.6522,0.4341,0.22,SALUDABLE
2480,19,f,divorciado,0,0,61406,30000,58310.14615384615,25874,6140.6,0.9496,0.8625,0.1,SALUDABLE
2481,34,m,unión libre,4,1,23219,50000,42435.01538461538,22240,2321.9,1.8276,0.4448,0.1,RIESGOSO
2482,55,m,divorciado,1,1,75228,80000,48528.053846153845,13876,2256.84,0.6451,0.1734,0.03,SALUDABLE
2483,30,m,divorciado,2,0,70707,50000,44252.58461538461,6503,7070.7,0.6259,0.1301,0.1,SALUDABLE
2484,34,m,unión libre,1,0,75586,80000,51418.230769230766,21738,2267.58,0.6803,0.2717,0.03,SALUDABLE
2485,50,m,soltero,3,0,69801,120000,43900.36153846154,31189,6980.1,0.6289,0.2599,0.1,SALUDABLE
2486,62,m,divorciado,2,1,74041,80000,38556.7923076923,25673,2221.23,0.5207,0.3209,0.03,SALUDABLE
2487,45,m,soltero,0,1,33278,30000,42763.11538461538,8605,3327.8,1.285,0.2868,0.1,RIESGOSO
2488,23,m,casado,3,0,49230,120000,32566.86923076923,34699,4923.0,0.6615,0.2892,0.1,MODERADO
2489,68,f,casado,2,1,13201,120000,36938.907692307694,42182,396.03,2.7982,0.3515,0.03,RIESGOSO
2490,22,f,unión libre,0,0,73966,120000,52980.70769230769,57347,7396.6,0.7163,0.4779,0.1,MODERADO
2491,61,f,soltero,3,0,24040,50000,52432.50769230769,40450,721.2,2.1811,0.809,0.03,RIESGOSO
2492,50,f,soltero,2,0,71259,15000,46729.7,12186,2137.77,0.6558,0.8124,0.03,SALUDABLE
2493,40,m,casado,3,0,46769,30000,37177.42307692308,24065,10289.18,0.7949,0.8022,0.22,SALUDABLE
2494,43,m,soltero,1,1,28932,15000,38072.47692307692,1660,867.96,1.3159,0.1107,0.03,RIESGOSO
2495,56,m,casado,2,0,8781,120000,49015.84615384616,76907,878.1,5.582,0.6409,0.1,RIESGOSO
2496,62,m,soltero,0,0,22286,15000,37995.11538461538,1739,2228.6,1.7049,0.1159,0.1,RIESGOSO
2497,63,m,unión libre,4,0,61805,30000,47289.03076923077,6232,1854.15,0.7651,0.2077,0.03,SALUDABLE
2498,67,f,unión libre,0,1,54822,30000,45721.36923076923,1480,1644.66,0.834,0.0493,0.03,SALUDABLE
2499,39,m,unión libre,1,0,60512,30000,53344.869230769225,16927,13312.64,0.8816,0.5642,0.22,SALUDABLE
2500,56,f,casado,2,1,57201,120000,39695.34615384615,58303,5720.1,0.694,0.4859,0.1,MODERADO
2501,26,f,divorciado,2,0,46418,80000,40487.17692307692,51337,4641.8,0.8722,0.6417,0.1,MODERADO
2502,30,f,casado,3,0,32312,50000,43876.47692307692,25192,3231.2,1.3579,0.5038,0.1,RIESGOSO
2503,24,m,divorciado,4,0,30130,80000,33864.60769230769,59621,3013.0,1.1239,0.7453,0.1,MODERADO
2504,49,f,soltero,0,1,53035,30000,53386.77692307692,6682,11667.7,1.0066,0.2227,0.22,SALUDABLE
2505,20,m,soltero,4,1,67533,120000,44053.76923076923,116866,6753.3,0.6523,0.9739,0.1,MODERADO
2506,29,m,casado,1,1,54044,30000,37857.44615384616,27767,5404.4,0.7005,0.9256,0.1,SALUDABLE
2507,53,m,soltero,2,0,24418,15000,37681.52307692308,2823,2441.8,1.5432,0.1882,0.1,RIESGOSO
2508,27,f,unión libre,1,1,8778,15000,47041.71538461538,3669,877.8,5.359,0.2446,0.1,RIESGOSO
2509,24,m,divorciado,4,0,78694,15000,49361.56923076923,9913,17312.68,0.6273,0.6609,0.22,SALUDABLE
2510,21,m,unión libre,4,0,59517,15000,39756.161538461536,4315,1785.51,0.668,0.2877,0.03,SALUDABLE
2511,47,m,divorciado,1,0,48625,120000,31378.76923076923,99707,4862.5,0.6453,0.8309,0.1,MODERADO
2512,48,m,unión libre,2,1,45024,120000,39494.53846153846,51505,1350.72,0.8772,0.4292,0.03,MODERADO
2513,44,f,unión libre,2,0,78829,80000,47477.65384615384,72796,7882.9,0.6023,0.91,0.1,MODERADO
2514,69,m,unión libre,1,1,21928,120000,54204.45384615385,88515,657.84,2.4719,0.7376,0.03,MODERADO
2515,51,f,soltero,3,1,36716,30000,48003.23846153846,6942,3671.6,1.3074,0.2314,0.1,RIESGOSO
2516,44,m,casado,4,1,69893,30000,38902.84615384616,24560,15376.46,0.5566,0.8187,0.22,SALUDABLE
2517,48,f,unión libre,3,0,68884,120000,44538.9,86225,6888.4,0.6466,0.7185,0.1,MODERADO
2518,43,m,casado,0,1,19506,120000,42234.66923076923,45132,1950.6,2.1652,0.3761,0.1,RIESGOSO
2519,67,m,soltero,2,1,16867,120000,40276.77692307692,111936,506.01,2.3879,0.9328,0.03,MODERADO
2520,70,m,casado,1,0,63693,30000,50575.53846153846,29184,1910.79,0.7941,0.9728,0.03,SALUDABLE
2521,48,f,soltero,2,0,28633,120000,40086.376923076925,117087,858.99,1.4,0.9757,0.03,MODERADO
2522,19,f,soltero,2,1,62190,15000,33610.761538461535,2791,6219.0,0.5405,0.1861,0.1,SALUDABLE
2523,33,m,unión libre,0,0,44670,15000,40191.96153846154,10487,1340.1,0.8998,0.6991,0.03,SALUDABLE
2524,32,m,unión libre,3,0,13364,120000,46755.62307692308,25094,1336.4,3.4986,0.2091,0.1,RIESGOSO
2525,56,m,unión libre,1,1,60085,15000,55289.60769230769,10207,6008.5,0.9202,0.6805,0.1,SALUDABLE
2526,21,f,unión libre,3,1,10041,50000,38522.60769230769,34979,1004.1,3.8365,0.6996,0.1,RIESGOSO
2527,48,m,unión libre,3,1,20102,50000,32984.43076923077,8870,2010.2,1.6409,0.1774,0.1,RIESGOSO
2528,19,f,soltero,1,0,52013,120000,48006.36153846154,48376,11442.86,0.923,0.4031,0.22,SALUDABLE
2529,56,m,soltero,3,1,10907,50000,53791.73846153846,1305,2399.54,4.9319,0.0261,0.22,RIESGOSO
2530,23,f,casado,0,0,79897,15000,60960.830769230764,8320,17577.34,0.763,0.5547,0.22,SALUDABLE
2531,22,m,unión libre,3,1,26532,15000,47863.661538461536,4126,795.96,1.804,0.2751,0.03,RIESGOSO
2532,41,m,soltero,1,1,40656,15000,46356.00769230769,6667,1219.68,1.1402,0.4445,0.03,RIESGOSO
2533,50,m,divorciado,4,1,70407,15000,52514.66923076923,5952,7040.7,0.7459,0.3968,0.1,SALUDABLE
2534,34,f,unión libre,3,0,23538,120000,54811.2923076923,29749,2353.8,2.3286,0.2479,0.1,RIESGOSO
2535,59,m,casado,2,1,40202,120000,38565.3,67449,4020.2,0.9593,0.5621,0.1,MODERADO
2536,41,m,casado,4,1,59408,120000,41494.88461538462,19900,1782.24,0.6985,0.1658,0.03,SALUDABLE
2537,19,f,divorciado,4,1,67113,15000,36278.20769230769,8032,2013.39,0.5406,0.5355,0.03,SALUDABLE
2538,34,f,unión libre,3,1,20843,80000,51361.47692307692,36067,4585.46,2.4642,0.4508,0.22,RIESGOSO
2539,69,m,soltero,3,0,47310,30000,49210.61538461538,19200,4731.0,1.0402,0.64,0.1,SALUDABLE
2540,20,f,soltero,1,1,33652,30000,30397.26153846154,8619,3365.2,0.9033,0.2873,0.1,SALUDABLE
2541,46,m,soltero,4,1,49106,30000,41654.39230769231,27944,1473.18,0.8483,0.9315,0.03,SALUDABLE
2542,20,f,casado,3,1,79901,15000,39858.74615384615,14663,7990.1,0.4989,0.9775,0.1,SALUDABLE
2543,47,m,divorciado,0,1,44911,80000,36021.60769230769,60019,9880.42,0.8021,0.7502,0.22,MODERADO
2544,26,m,casado,3,0,55768,80000,53452.34615384615,52323,5576.8,0.9585,0.654,0.1,MODERADO
2545,40,m,casado,4,0,65578,50000,36043.73846153846,25043,1967.34,0.5496,0.5009,0.03,SALUDABLE
2546,65,f,soltero,0,0,61136,80000,55071.553846153845,21337,6113.6,0.9008,0.2667,0.1,SALUDABLE
2547,39,f,casado,2,1,72729,15000,42743.46153846154,350,7272.9,0.5877,0.0233,0.1,SALUDABLE
2548,27,f,unión libre,1,0,24005,80000,48870.5,59888,720.15,2.0358,0.7486,0.03,MODERADO
2549,63,f,soltero,1,1,16232,15000,48216.4,4021,1623.2,2.9705,0.2681,0.1,RIESGOSO
2550,62,f,soltero,4,1,78752,80000,44626.3,53654,7875.2,0.5667,0.6707,0.1,SALUDABLE
2551,54,f,casado,0,1,15529,15000,49148.7,14477,3416.38,3.165,0.9651,0.22,RIESGOSO
2552,22,f,soltero,1,0,68099,120000,39536.75384615384,112819,6809.9,0.5806,0.9402,0.1,MODERADO
2553,49,m,divorciado,0,0,70827,15000,67919.16923076923,6657,2124.81,0.9589,0.4438,0.03,SALUDABLE
2554,31,m,unión libre,0,1,30158,80000,43678.053846153845,7468,904.74,1.4483,0.0934,0.03,RIESGOSO
2555,21,f,unión libre,1,1,47726,50000,33761.96923076923,23087,4772.6,0.7074,0.4617,0.1,SALUDABLE
2556,53,f,unión libre,3,0,20315,30000,51944.307692307695,151,2031.5,2.5569,0.005,0.1,RIESGOSO
2557,19,f,unión libre,2,1,23128,30000,35466.67692307692,1264,5088.16,1.5335,0.0421,0.22,RIESGOSO
2558,56,f,soltero,2,1,36926,50000,41992.69230769231,48676,8123.72,1.1372,0.9735,0.22,MODERADO
2559,46,m,soltero,2,0,71329,30000,31494.992307692304,4051,15692.38,0.4415,0.135,0.22,SALUDABLE
2560,40,f,unión libre,3,1,38775,80000,37067.5,62885,1163.25,0.956,0.7861,0.03,MODERADO
2561,59,m,divorciado,0,0,72131,15000,35144.484615384616,6134,7213.1,0.4872,0.4089,0.1,SALUDABLE
2562,35,f,divorciado,1,0,23940,80000,47299.02307692308,76959,2394.0,1.9757,0.962,0.1,MODERADO
2563,52,f,casado,4,1,24753,80000,46859.10769230769,54482,2475.3,1.8931,0.681,0.1,MODERADO
2564,32,f,casado,3,1,67591,30000,44861.63846153846,1869,6759.1,0.6637,0.0623,0.1,SALUDABLE
2565,26,m,soltero,3,1,39924,80000,52426.661538461536,23335,3992.4,1.3132,0.2917,0.1,RIESGOSO
2566,68,f,soltero,1,0,63495,30000,49984.661538461536,8491,1904.85,0.7872,0.283,0.03,SALUDABLE
2567,34,m,divorciado,2,0,49682,50000,62726.0,46353,4968.2,1.2625,0.9271,0.1,MODERADO
2568,49,f,unión libre,1,0,46104,15000,51369.830769230764,14804,4610.4,1.1142,0.9869,0.1,SALUDABLE
2569,68,m,soltero,1,1,26526,80000,29838.19230769231,47653,795.78,1.1249,0.5957,0.03,MODERADO
2570,22,m,casado,0,0,37499,15000,37284.96923076923,9030,3749.9,0.9943,0.602,0.1,SALUDABLE
2571,47,f,soltero,0,1,40444,30000,53626.053846153845,21110,1213.32,1.3259,0.7037,0.03,RIESGOSO
2572,51,f,casado,2,1,18597,15000,45622.17692307692,8970,557.91,2.4532,0.598,0.03,RIESGOSO
2573,47,f,soltero,3,0,73841,30000,50360.915384615386,28262,2215.23,0.682,0.9421,0.03,SALUDABLE
2574,50,m,divorciado,0,0,79053,120000,34137.26923076923,75552,7905.3,0.4318,0.6296,0.1,MODERADO
2575,46,m,divorciado,3,1,79569,15000,32031.476923076923,10800,17505.18,0.4026,0.72,0.22,SALUDABLE
2576,69,f,casado,3,0,26628,30000,33464.692307692305,17807,2662.8,1.2567,0.5936,0.1,RIESGOSO
2577,21,f,casado,1,0,61589,80000,49337.35384615384,70236,1847.67,0.8011,0.878,0.03,MODERADO
2578,64,m,casado,4,1,16900,80000,48209.47692307692,69447,1690.0,2.8526,0.8681,0.1,MODERADO
2579,20,m,divorciado,3,0,57895,50000,48027.369230769225,22730,5789.5,0.8296,0.4546,0.1,SALUDABLE
2580,39,f,unión libre,3,0,48881,120000,52186.42307692308,113351,4888.1,1.0676,0.9446,0.1,MODERADO
2581,59,f,soltero,0,0,56753,30000,52982.73846153846,9912,1702.59,0.9336,0.3304,0.03,SALUDABLE
2582,66,f,casado,0,1,14408,30000,55724.35384615384,9803,1440.8,3.8676,0.3268,0.1,RIESGOSO
2583,22,f,casado,0,0,49703,15000,42964.907692307694,2481,1491.09,0.8644,0.1654,0.03,SALUDABLE
2584,43,f,divorciado,0,0,40855,30000,58921.56153846154,1142,8988.1,1.4422,0.0381,0.22,SALUDABLE
2585,57,f,casado,4,0,43510,120000,51438.13076923077,84153,4351.0,1.1822,0.7013,0.1,MODERADO
2586,39,f,divorciado,3,0,23132,30000,55286.26923076923,26347,693.96,2.39,0.8782,0.03,RIESGOSO
2587,65,m,casado,1,0,17159,80000,30971.546153846157,73684,1715.9,1.805,0.921,0.1,MODERADO
2588,40,f,casado,0,0,29892,120000,50650.23846153846,118168,6576.24,1.6944,0.9847,0.22,MODERADO
2589,44,f,casado,1,0,11346,120000,38265.52307692308,32006,340.38,3.3726,0.2667,0.03,RIESGOSO
2590,36,m,divorciado,2,0,41893,50000,53188.553846153845,31182,1256.79,1.2696,0.6236,0.03,RIESGOSO
2591,70,f,divorciado,1,1,63552,30000,25498.00769230769,28374,6355.2,0.4012,0.9458,0.1,SALUDABLE
2592,56,f,casado,0,0,69763,30000,49839.61538461538,20717,6976.3,0.7144,0.6906,0.1,SALUDABLE
2593,48,m,unión libre,0,0,58695,80000,50186.66923076923,32292,5869.5,0.855,0.4036,0.1,SALUDABLE
2594,33,f,soltero,3,0,61073,50000,44265.9,42934,1832.19,0.7248,0.8587,0.03,MODERADO
2595,31,f,soltero,2,1,50197,80000,37005.12307692308,60022,1505.91,0.7372,0.7503,0.03,MODERADO
2596,63,m,divorciado,2,0,24117,80000,29753.94615384615,43583,2411.7,1.2337,0.5448,0.1,MODERADO
2597,58,f,divorciado,1,1,28406,120000,30302.653846153844,267,2840.6,1.0668,0.0022,0.1,RIESGOSO
2598,41,f,unión libre,1,1,77070,50000,57452.14615384615,12326,16955.4,0.7455,0.2465,0.22,SALUDABLE
2599,65,m,divorciado,2,0,60429,50000,45897.484615384616,14867,1812.87,0.7595,0.2973,0.03,SALUDABLE
2600,59,f,soltero,0,0,60229,120000,43796.58461538461,33087,13250.38,0.7272,0.2757,0.22,SALUDABLE
2601,63,m,casado,3,0,72592,80000,57149.97692307692,23050,7259.2,0.7873,0.2881,0.1,SALUDABLE
2602,32,m,divorciado,4,1,20164,15000,43685.67692307692,5360,4436.08,2.1665,0.3573,0.22,RIESGOSO
2603,29,f,divorciado,2,0,20780,30000,32002.215384615385,11069,2078.0,1.54,0.369,0.1,RIESGOSO
2604,61,m,unión libre,2,1,10918,30000,41971.53076923077,12330,2401.96,3.8443,0.411,0.22,RIESGOSO
2605,35,f,divorciado,2,0,71686,30000,39364.3,7365,7168.6,0.5491,0.2455,0.1,SALUDABLE
2606,69,m,soltero,4,0,49726,120000,60351.8923076923,17961,4972.6,1.2137,0.1497,0.1,SALUDABLE
2607,45,f,unión libre,2,1,53956,120000,45210.7,59450,5395.6,0.8379,0.4954,0.1,MODERADO
2608,50,f,soltero,1,1,26612,50000,50116.93076923077,15001,5854.64,1.8832,0.3,0.22,RIESGOSO
2609,50,f,casado,0,1,43671,80000,41083.56153846154,58752,4367.1,0.9408,0.7344,0.1,MODERADO
2610,50,m,divorciado,0,0,65430,120000,45344.06923076923,990,1962.9,0.693,0.0082,0.03,SALUDABLE
2611,53,m,soltero,1,0,74603,30000,53034.00769230769,16083,7460.3,0.7109,0.5361,0.1,SALUDABLE
2612,57,m,soltero,4,0,22028,80000,48248.99230769231,62891,4846.16,2.1903,0.7861,0.22,MODERADO
2613,32,m,soltero,2,1,76499,80000,40640.3,79980,2294.97,0.5313,0.9998,0.03,MODERADO
2614,47,f,unión libre,0,0,28338,30000,32051.630769230767,6573,2833.8,1.131,0.2191,0.1,RIESGOSO
2615,33,m,casado,4,1,53958,120000,33802.38461538462,94830,5395.8,0.6265,0.7902,0.1,MODERADO
2616,37,m,divorciado,0,0,44875,50000,40585.99230769231,19494,4487.5,0.9044,0.3899,0.1,SALUDABLE
2617,62,m,casado,0,0,37311,120000,45578.90769230769,871,1119.33,1.2216,0.0073,0.03,RIESGOSO
2618,20,f,divorciado,3,0,18693,50000,52866.63076923077,5799,1869.3,2.8282,0.116,0.1,RIESGOSO
2619,47,f,soltero,1,1,43433,120000,31197.82307692308,18552,4343.3,0.7183,0.1546,0.1,SALUDABLE
2620,47,m,soltero,3,0,64277,120000,52712.66923076923,62160,6427.7,0.8201,0.518,0.1,MODERADO
2621,24,f,unión libre,1,0,31413,15000,37553.24615384615,1450,942.39,1.1955,0.0967,0.03,RIESGOSO
2622,26,m,divorciado,4,0,53804,120000,38640.407692307694,97933,11836.88,0.7182,0.8161,0.22,MODERADO
2623,20,f,divorciado,2,0,79554,15000,35092.63846153846,9970,7955.4,0.4411,0.6647,0.1,SALUDABLE
2624,44,f,unión libre,3,1,25733,120000,43128.830769230764,26720,2573.3,1.676,0.2227,0.1,RIESGOSO
2625,40,m,soltero,4,0,56291,15000,48597.96923076923,9004,12384.02,0.8633,0.6003,0.22,SALUDABLE
2626,70,f,soltero,1,1,46673,50000,44894.553846153845,37931,1400.19,0.9619,0.7586,0.03,MODERADO
2627,52,f,divorciado,2,0,14451,120000,34831.015384615384,15981,1445.1,2.4103,0.1332,0.1,RIESGOSO
2628,26,f,casado,4,1,77683,30000,49911.56923076923,3232,7768.3,0.6425,0.1077,0.1,SALUDABLE
2629,53,m,casado,1,0,76113,120000,39293.838461538464,95392,16744.86,0.5163,0.7949,0.22,MODERADO
2630,60,m,unión libre,0,0,28658,50000,43398.7,10696,2865.8,1.5144,0.2139,0.1,RIESGOSO
2631,39,f,casado,0,0,75247,15000,45166.43076923077,8110,7524.7,0.6002,0.5407,0.1,SALUDABLE
2632,35,f,unión libre,3,1,79695,120000,34466.67692307692,117361,2390.85,0.4325,0.978,0.03,MODERADO
2633,58,m,casado,2,0,17943,50000,37124.223076923074,27264,1794.3,2.069,0.5453,0.1,RIESGOSO
2634,49,m,divorciado,3,1,73475,120000,41898.76923076923,48851,7347.5,0.5702,0.4071,0.1,MODERADO
2635,68,m,soltero,2,0,23287,120000,47135.96153846154,32735,2328.7,2.0241,0.2728,0.1,RIESGOSO
2636,26,f,unión libre,0,0,26803,120000,36785.73846153846,117604,804.09,1.3724,0.98,0.03,MODERADO
2637,42,f,unión libre,3,0,29715,80000,44430.407692307694,46706,891.45,1.4952,0.5838,0.03,MODERADO
2638,27,m,divorciado,4,1,59487,50000,49621.13846153846,24640,13087.14,0.8342,0.4928,0.22,SALUDABLE
2639,31,f,divorciado,1,1,42281,50000,36849.553846153845,28363,9301.82,0.8715,0.5673,0.22,SALUDABLE
2640,26,m,divorciado,1,0,55891,120000,57445.907692307694,117279,12296.02,1.0278,0.9773,0.22,MODERADO
2641,57,m,unión libre,1,1,76276,120000,34062.53846153846,13626,7627.6,0.4466,0.1136,0.1,SALUDABLE
2642,52,m,casado,4,1,42317,30000,52418.0,1446,4231.7,1.2387,0.0482,0.1,SALUDABLE
2643,68,m,casado,4,1,54936,120000,44934.984615384616,3836,12085.92,0.818,0.032,0.22,SALUDABLE
2644,28,m,casado,2,0,26888,30000,40667.13846153846,3742,5915.36,1.5125,0.1247,0.22,SALUDABLE
2645,21,m,casado,1,1,46651,80000,41454.5,51741,10263.22,0.8886,0.6468,0.22,SALUDABLE
2646,70,m,soltero,4,0,42751,15000,38557.23846153846,13941,1282.53,0.9019,0.9294,0.03,SALUDABLE
2647,37,m,unión libre,1,0,54669,120000,53160.09230769231,72420,1640.07,0.9724,0.6035,0.03,MODERADO
2648,62,m,unión libre,2,0,21330,120000,33101.446153846155,21930,4692.6,1.5519,0.1828,0.22,RIESGOSO
2649,29,f,unión libre,0,1,16645,15000,39650.70769230769,7915,1664.5,2.3821,0.5277,0.1,RIESGOSO
2650,44,f,soltero,3,1,41625,50000,34511.484615384616,44362,4162.5,0.8291,0.8872,0.1,MODERADO
2651,59,m,divorciado,1,1,12297,50000,40195.338461538464,17902,2705.34,3.2687,0.358,0.22,RIESGOSO
2652,53,m,casado,0,1,39648,80000,35896.77692307692,69317,8722.56,0.9054,0.8665,0.22,MODERADO
2653,52,f,unión libre,3,1,71070,80000,42926.14615384615,58965,2132.1,0.604,0.7371,0.03,MODERADO
2654,63,f,casado,3,1,18879,30000,32474.50769230769,13435,4153.38,1.7201,0.4478,0.22,RIESGOSO
2655,52,f,divorciado,3,1,46537,120000,44332.17692307692,84723,4653.7,0.9526,0.706,0.1,MODERADO
2656,49,f,casado,3,1,12956,30000,36552.95384615385,21333,1295.6,2.8213,0.7111,0.1,RIESGOSO
2657,37,m,casado,3,0,72588,15000,45601.45384615385,12992,15969.36,0.6282,0.8661,0.22,SALUDABLE
2658,29,m,unión libre,4,1,53115,120000,53465.37692307692,55773,11685.3,1.0066,0.4648,0.22,MODERADO
2659,56,f,divorciado,0,1,17056,15000,56330.08461538461,9463,3752.32,3.3027,0.6309,0.22,RIESGOSO
2660,25,m,unión libre,1,0,16191,120000,40314.20769230769,102024,485.73,2.4899,0.8502,0.03,MODERADO
2661,28,f,casado,1,0,18998,120000,49469.57692307692,101844,569.94,2.6039,0.8487,0.03,MODERADO
2662,65,f,divorciado,2,1,41557,80000,33770.123076923075,1513,4155.7,0.8126,0.0189,0.1,SALUDABLE
2663,55,m,unión libre,0,1,77279,120000,32842.24615384615,49656,7727.9,0.425,0.4138,0.1,MODERADO
2664,55,f,casado,0,0,39807,120000,37162.47692307692,113499,1194.21,0.9336,0.9458,0.03,MODERADO
2665,46,m,soltero,1,0,77037,30000,52679.761538461535,1180,7703.7,0.6838,0.0393,0.1,SALUDABLE
2666,26,m,unión libre,3,1,31196,50000,36587.36923076923,31230,3119.6,1.1728,0.6246,0.1,RIESGOSO
2667,59,m,soltero,4,0,53613,120000,58003.37692307692,103326,1608.39,1.0819,0.861,0.03,MODERADO
2668,20,f,unión libre,3,1,69398,30000,32940.084615384614,2510,6939.8,0.4747,0.0837,0.1,SALUDABLE
2669,26,f,soltero,4,1,51730,80000,43154.03076923077,39640,5173.0,0.8342,0.4955,0.1,SALUDABLE
2670,53,f,soltero,3,0,30212,120000,39940.85384615385,111535,3021.2,1.322,0.9295,0.1,MODERADO
2671,32,m,unión libre,1,0,13827,80000,48847.10769230769,19077,414.81,3.5327,0.2385,0.03,RIESGOSO
2672,64,m,casado,2,1,47752,80000,45912.21538461538,76565,1432.56,0.9615,0.9571,0.03,MODERADO
2673,56,m,unión libre,1,1,50976,80000,47498.02307692308,60099,11214.72,0.9318,0.7512,0.22,MODERADO
2674,56,f,unión libre,3,1,71484,50000,36778.13846153846,5052,7148.4,0.5145,0.101,0.1,SALUDABLE
2675,62,m,divorciado,2,0,33658,50000,39612.46923076923,13372,1009.74,1.1769,0.2674,0.03,RIESGOSO
2676,40,f,divorciado,0,0,40699,120000,31984.830769230768,68791,8953.78,0.7859,0.5733,0.22,MODERADO
2677,30,f,unión libre,2,1,36227,30000,52695.04615384615,25356,3622.7,1.4546,0.8452,0.1,RIESGOSO
2678,66,f,soltero,4,0,58792,15000,48295.8,2899,12934.24,0.8215,0.1933,0.22,SALUDABLE
2679,70,f,casado,4,0,43736,120000,33898.63076923077,4068,4373.6,0.7751,0.0339,0.1,SALUDABLE
2680,53,m,soltero,2,1,30852,120000,49578.03846153846,60660,925.56,1.607,0.5055,0.03,MODERADO
2681,47,m,divorciado,4,1,29572,80000,44120.661538461536,7495,6505.84,1.492,0.0937,0.22,SALUDABLE
2682,53,f,divorciado,0,0,75410,15000,53817.28461538461,13580,2262.3,0.7137,0.9053,0.03,SALUDABLE
2683,63,m,soltero,3,0,56099,15000,36195.46153846154,7685,5609.9,0.6452,0.5123,0.1,SALUDABLE
2684,46,f,casado,3,0,53555,80000,57219.42307692308,27785,5355.5,1.0684,0.3473,0.1,SALUDABLE
2685,19,m,soltero,1,0,45576,80000,41207.28461538461,44038,1367.28,0.9041,0.5505,0.03,MODERADO
2686,67,f,divorciado,2,1,31940,120000,50553.43076923077,40580,958.2,1.5828,0.3382,0.03,MODERADO
2687,20,f,casado,4,1,21887,120000,49271.14615384615,71591,656.61,2.2512,0.5966,0.03,MODERADO
2688,66,f,casado,2,0,66429,15000,49733.11538461538,7689,6642.9,0.7487,0.5126,0.1,SALUDABLE
2689,35,f,unión libre,1,0,75751,15000,48156.51538461538,5279,16665.22,0.6357,0.3519,0.22,SALUDABLE
2690,49,m,casado,3,1,62075,30000,33886.85384615384,8903,1862.25,0.5459,0.2968,0.03,SALUDABLE
2691,44,m,unión libre,4,1,44505,30000,53045.96923076923,360,4450.5,1.1919,0.012,0.1,SALUDABLE
2692,45,m,unión libre,3,0,28583,15000,56507.407692307694,5443,857.49,1.977,0.3629,0.03,RIESGOSO
2693,38,f,divorciado,3,0,22330,15000,57124.51538461538,7641,669.9,2.5582,0.5094,0.03,RIESGOSO
2694,25,f,divorciado,4,1,66477,15000,43266.19230769231,3911,6647.7,0.6508,0.2607,0.1,SALUDABLE
2695,29,m,unión libre,0,0,78547,15000,50788.3,12025,7854.7,0.6466,0.8017,0.1,SALUDABLE
2696,34,f,unión libre,3,1,35514,50000,44380.19230769231,47613,3551.4,1.2497,0.9523,0.1,MODERADO
2697,70,f,divorciado,2,1,78210,50000,46013.84615384615,10334,7821.0,0.5883,0.2067,0.1,SALUDABLE
2698,51,f,casado,2,0,69331,30000,41049.92307692308,26477,6933.1,0.5921,0.8826,0.1,SALUDABLE
2699,47,f,soltero,4,1,79785,80000,37023.77692307692,8502,17552.7,0.464,0.1063,0.22,SALUDABLE
2700,53,f,soltero,4,0,37376,50000,53100.261538461535,26590,3737.6,1.4207,0.5318,0.1,RIESGOSO
2701,65,m,soltero,2,1,58019,50000,47554.10769230769,44227,5801.9,0.8196,0.8845,0.1,SALUDABLE
2702,29,m,casado,2,1,65041,30000,42837.27692307692,6000,1951.23,0.6586,0.2,0.03,SALUDABLE
2703,58,f,casado,3,1,27457,80000,46031.45384615385,77248,6040.54,1.6765,0.9656,0.22,MODERADO
2704,52,f,divorciado,1,1,25667,120000,40592.61538461538,24924,2566.7,1.5815,0.2077,0.1,RIESGOSO
2705,43,f,soltero,1,1,61002,120000,53066.14615384615,63698,6100.2,0.8699,0.5308,0.1,MODERADO
2706,38,m,divorciado,1,1,11685,80000,46578.90769230769,57804,350.55,3.9862,0.7226,0.03,RIESGOSO
2707,19,f,soltero,4,1,47746,50000,38728.26923076923,563,4774.6,0.8111,0.0113,0.1,SALUDABLE
2708,60,m,divorciado,3,1,18437,80000,43851.223076923074,12663,553.11,2.3784,0.1583,0.03,RIESGOSO
2709,45,m,unión libre,1,0,21264,120000,32147.30769230769,79273,637.92,1.5118,0.6606,0.03,MODERADO
2710,53,f,casado,4,0,32225,120000,41255.13846153846,47139,3222.5,1.2802,0.3928,0.1,MODERADO
2711,49,m,casado,4,1,24642,30000,39589.31538461538,13021,2464.2,1.6066,0.434,0.1,RIESGOSO
2712,55,f,unión libre,1,0,40324,30000,38102.17692307692,14159,4032.4,0.9449,0.472,0.1,SALUDABLE
2713,46,m,casado,3,1,36051,15000,43585.2923076923,915,7931.22,1.209,0.061,0.22,SALUDABLE
2714,37,f,soltero,1,1,44329,30000,33998.64615384615,26536,4432.9,0.767,0.8845,0.1,SALUDABLE
2715,53,m,unión libre,2,0,67126,120000,39381.553846153845,117460,6712.6,0.5867,0.9788,0.1,MODERADO
2716,65,f,soltero,4,0,50586,120000,53317.1,23054,1517.58,1.054,0.1921,0.03,RIESGOSO
2717,37,f,soltero,4,1,27647,80000,35697.80769230769,46205,2764.7,1.2912,0.5776,0.1,MODERADO
2718,21,m,divorciado,0,0,78618,50000,64255.94615384616,24545,7861.8,0.8173,0.4909,0.1,SALUDABLE
2719,59,m,divorciado,4,0,73130,50000,38667.02307692308,28464,7313.0,0.5287,0.5693,0.1,SALUDABLE
2720,51,m,soltero,3,0,73643,50000,39398.52307692308,46961,16201.46,0.535,0.9392,0.22,SALUDABLE
2721,44,m,divorciado,1,1,21664,120000,48145.69230769231,82322,2166.4,2.2224,0.686,0.1,MODERADO
2722,52,f,unión libre,2,1,69092,120000,59056.1,38487,2072.76,0.8547,0.3207,0.03,MODERADO
2723,51,f,soltero,1,1,43292,30000,48524.03846153846,14417,9524.24,1.1209,0.4806,0.22,SALUDABLE
2724,68,f,soltero,4,1,24516,120000,43138.46153846154,74120,2451.6,1.7596,0.6177,0.1,MODERADO
2725,44,m,soltero,0,0,10546,30000,56671.96153846154,15885,1054.6,5.3738,0.5295,0.1,RIESGOSO
2726,49,m,casado,4,0,24725,30000,33884.46923076923,25272,2472.5,1.3705,0.8424,0.1,RIESGOSO
2727,22,m,unión libre,4,0,9489,120000,47808.35384615385,105874,2087.58,5.0383,0.8823,0.22,MODERADO
2728,19,m,unión libre,2,1,42763,50000,42602.28461538461,48844,4276.3,0.9962,0.9769,0.1,MODERADO
2729,56,f,unión libre,3,0,25720,80000,52773.053846153845,47940,5658.4,2.0518,0.5992,0.22,MODERADO
2730,66,m,soltero,1,1,63538,15000,50637.61538461538,5982,6353.8,0.797,0.3988,0.1,SALUDABLE
2731,20,m,soltero,1,0,20396,15000,38054.1,8205,611.88,1.8658,0.547,0.03,RIESGOSO
2732,18,m,casado,0,1,69903,80000,52679.83846153846,61057,6990.3,0.7536,0.7632,0.1,MODERADO
2733,34,f,soltero,1,1,70073,50000,49199.03076923077,24110,2102.19,0.7021,0.4822,0.03,SALUDABLE
2734,51,f,divorciado,1,0,33890,80000,41758.06923076923,36941,3389.0,1.2322,0.4618,0.1,MODERADO
2735,42,f,soltero,2,0,57424,50000,51197.0,24024,5742.4,0.8916,0.4805,0.1,SALUDABLE
2736,68,m,casado,1,0,24919,120000,48542.12307692308,87160,747.57,1.948,0.7263,0.03,MODERADO
2737,20,f,casado,0,1,14844,120000,40281.376923076925,95345,1484.4,2.7136,0.7945,0.1,MODERADO
2738,62,m,soltero,2,1,22009,120000,33214.38461538462,114074,2200.9,1.5091,0.9506,0.1,MODERADO
2739,25,m,unión libre,2,1,58055,80000,34902.14615384615,55742,1741.65,0.6012,0.6968,0.03,MODERADO
2740,50,f,casado,0,1,46009,50000,35048.66923076923,1043,4600.9,0.7618,0.0209,0.1,SALUDABLE
2741,18,f,soltero,0,0,22371,15000,57374.86153846153,4978,4921.62,2.5647,0.3319,0.22,RIESGOSO
2742,49,m,soltero,4,0,13512,30000,41324.9,11913,405.36,3.0584,0.3971,0.03,RIESGOSO
2743,70,f,unión libre,4,1,68979,50000,41621.53076923077,7848,6897.9,0.6034,0.157,0.1,SALUDABLE
2744,28,m,divorciado,1,1,13138,120000,40950.60769230769,2581,394.14,3.117,0.0215,0.03,RIESGOSO
2745,45,f,divorciado,4,1,37768,30000,46364.02307692308,18584,8308.96,1.2276,0.6195,0.22,SALUDABLE
2746,59,m,soltero,2,1,18169,15000,41270.89230769231,314,545.07,2.2715,0.0209,0.03,RIESGOSO
2747,37,f,casado,3,0,17264,50000,33313.92307692308,43564,1726.4,1.9297,0.8713,0.1,RIESGOSO
2748,46,m,unión libre,1,0,37356,80000,48448.01538461538,22054,3735.6,1.2969,0.2757,0.1,RIESGOSO
2749,29,f,soltero,4,1,64290,30000,34572.984615384616,21127,6429.0,0.5378,0.7042,0.1,SALUDABLE
2750,29,f,unión libre,2,0,79535,15000,54951.64615384615,11360,7953.5,0.6909,0.7573,0.1,SALUDABLE
2751,69,m,divorciado,4,0,78672,50000,38441.23846153846,38636,2360.16,0.4886,0.7727,0.03,SALUDABLE
2752,65,f,unión libre,0,1,69563,15000,44941.053846153845,1793,6956.3,0.646,0.1195,0.1,SALUDABLE
2753,18,f,divorciado,4,1,16273,15000,49429.65384615384,5967,1627.3,3.0375,0.3978,0.1,RIESGOSO
2754,40,f,divorciado,0,0,70028,15000,37220.96923076923,3837,15406.16,0.5315,0.2558,0.22,SALUDABLE
2755,31,m,divorciado,2,0,75481,15000,42934.415384615386,12910,7548.1,0.5688,0.8607,0.1,SALUDABLE
2756,67,m,unión libre,0,1,31175,30000,49177.88461538462,18061,3117.5,1.5775,0.602,0.1,RIESGOSO
2757,29,f,soltero,4,1,16279,80000,39800.82307692307,65328,3581.38,2.4449,0.8166,0.22,MODERADO
2758,33,m,casado,4,1,10598,30000,42703.25384615384,2336,1059.8,4.0294,0.0779,0.1,RIESGOSO
2759,23,m,divorciado,2,1,47346,120000,54647.730769230766,117560,4734.6,1.1542,0.9797,0.1,MODERADO
2760,64,m,divorciado,0,0,18424,15000,42184.06923076923,10280,552.72,2.2896,0.6853,0.03,RIESGOSO
2761,31,f,casado,4,0,59171,15000,42752.27692307692,10168,1775.13,0.7225,0.6779,0.03,SALUDABLE
2762,25,m,casado,2,1,39605,80000,35428.93846153846,14804,3960.5,0.8946,0.185,0.1,SALUDABLE
2763,43,f,unión libre,3,0,51184,50000,51241.43076923077,3274,1535.52,1.0011,0.0655,0.03,SALUDABLE
2764,28,f,casado,4,1,30627,15000,34857.26923076923,8962,6737.94,1.1381,0.5975,0.22,SALUDABLE
2765,19,f,divorciado,4,1,78778,15000,41545.23846153846,7991,7877.8,0.5274,0.5327,0.1,SALUDABLE
2766,29,m,soltero,2,0,22376,120000,34417.13846153846,73333,2237.6,1.5381,0.6111,0.1,MODERADO
2767,20,f,casado,4,0,70229,30000,42737.08461538461,9592,7022.9,0.6085,0.3197,0.1,SALUDABLE
2768,29,m,unión libre,4,0,31843,50000,54717.52307692308,48453,7005.46,1.7184,0.9691,0.22,MODERADO
2769,58,m,soltero,4,1,48604,30000,51957.876923076925,24517,1458.12,1.069,0.8172,0.03,SALUDABLE
2770,48,m,unión libre,4,1,59712,80000,49827.13846153846,56600,5971.2,0.8345,0.7075,0.1,MODERADO
2771,41,f,soltero,3,1,69624,30000,32039.984615384616,8269,15317.28,0.4602,0.2756,0.22,SALUDABLE
2772,59,m,unión libre,0,0,26852,80000,52651.13076923077,46311,5907.44,1.9608,0.5789,0.22,MODERADO
2773,58,m,divorciado,3,1,53520,50000,37477.82307692307,34983,11774.4,0.7003,0.6997,0.22,SALUDABLE
2774,39,f,unión libre,0,1,34416,50000,36277.9,613,3441.6,1.0541,0.0123,0.1,SALUDABLE
2775,35,f,divorciado,0,1,19005,15000,36804.19230769231,2651,570.15,1.9366,0.1767,0.03,RIESGOSO
2776,30,m,unión libre,1,1,65036,50000,41524.01538461538,39138,6503.6,0.6385,0.7828,0.1,SALUDABLE
2777,31,f,casado,3,0,11624,120000,38956.99230769231,77062,1162.4,3.3514,0.6422,0.1,MODERADO
2778,60,m,unión libre,2,0,59090,80000,51477.00769230769,65860,12999.8,0.8712,0.8232,0.22,MODERADO
2779,68,f,unión libre,0,1,14767,80000,40903.18461538461,16644,1476.7,2.7699,0.208,0.1,RIESGOSO
2780,54,m,unión libre,2,1,52597,120000,53309.2923076923,34426,5259.7,1.0135,0.2869,0.1,MODERADO
2781,28,f,soltero,1,1,11067,120000,48957.2,92706,332.01,4.4237,0.7726,0.03,MODERADO
2782,30,f,soltero,1,0,8086,15000,45188.56153846154,4095,808.6,5.5885,0.273,0.1,RIESGOSO
2783,44,m,divorciado,0,1,53857,120000,48161.56923076923,110276,1615.71,0.8942,0.919,0.03,MODERADO
2784,62,m,casado,3,1,12187,15000,32945.06923076923,2180,365.61,2.7033,0.1453,0.03,RIESGOSO
2785,67,f,unión libre,4,0,76216,30000,35296.0,9426,16767.52,0.4631,0.3142,0.22,SALUDABLE
2786,67,m,casado,4,1,79165,120000,37033.93076923077,10624,7916.5,0.4678,0.0885,0.1,SALUDABLE
2787,21,f,divorciado,0,0,54733,120000,43439.369230769225,113457,5473.3,0.7937,0.9455,0.1,MODERADO
2788,61,f,unión libre,2,1,37031,15000,37591.6,1039,3703.1,1.0151,0.0693,0.1,SALUDABLE
2789,68,f,unión libre,0,1,29332,50000,41077.34615384616,47614,2933.2,1.4004,0.9523,0.1,MODERADO
2790,64,m,casado,0,1,34543,120000,37239.20769230769,80877,3454.3,1.0781,0.674,0.1,MODERADO
2791,47,f,soltero,4,0,71580,80000,35695.96923076923,21829,2147.4,0.4987,0.2729,0.03,SALUDABLE
2792,26,m,unión libre,0,0,61106,80000,49971.661538461536,77316,1833.18,0.8178,0.9664,0.03,MODERADO
2793,62,m,unión libre,2,1,21525,80000,37617.8,53004,2152.5,1.7476,0.6626,0.1,MODERADO
2794,67,m,casado,0,0,41926,120000,48107.43846153846,60371,1257.78,1.1474,0.5031,0.03,MODERADO
2795,41,f,unión libre,3,1,25248,30000,41111.6,22460,5554.56,1.6283,0.7487,0.22,SALUDABLE
2796,69,m,unión libre,4,1,68305,120000,49457.330769230764,6320,2049.15,0.7241,0.0527,0.03,SALUDABLE
2797,54,m,divorciado,2,0,41447,50000,46201.82307692307,7431,1243.41,1.1147,0.1486,0.03,RIESGOSO
2798,60,m,divorciado,1,0,55126,15000,44227.52307692308,11602,1653.78,0.8023,0.7735,0.03,SALUDABLE
2799,34,m,soltero,1,1,76701,30000,54701.00769230769,29314,2301.03,0.7132,0.9771,0.03,SALUDABLE
2800,40,f,soltero,2,0,52762,30000,37682.77692307692,11509,1582.86,0.7142,0.3836,0.03,SALUDABLE
2801,64,m,unión libre,0,0,73844,15000,50051.07692307692,14106,7384.4,0.6778,0.9404,0.1,SALUDABLE
2802,64,f,soltero,3,1,69884,50000,54249.27692307692,8012,2096.52,0.7763,0.1602,0.03,SALUDABLE
2803,29,f,unión libre,0,1,49200,30000,39425.223076923074,10057,1476.0,0.8013,0.3352,0.03,SALUDABLE
2804,69,m,divorciado,4,1,67927,80000,40288.9,52876,6792.7,0.5931,0.661,0.1,MODERADO
2805,56,m,soltero,2,0,18310,30000,43726.02307692308,2328,4028.2,2.3881,0.0776,0.22,RIESGOSO
2806,55,f,soltero,3,0,70778,80000,39837.3923076923,66389,2123.34,0.5628,0.8299,0.03,MODERADO
2807,41,f,unión libre,4,0,24037,50000,40994.63076923077,40309,721.11,1.7055,0.8062,0.03,RIESGOSO
2808,19,f,casado,1,0,71020,15000,49834.56153846154,2494,7102.0,0.7017,0.1663,0.1,SALUDABLE
2809,70,f,unión libre,3,1,10588,80000,33490.39230769231,69102,1058.8,3.1631,0.8638,0.1,MODERADO
2810,23,m,divorciado,3,1,28683,15000,48536.17692307692,10806,2868.3,1.6922,0.7204,0.1,RIESGOSO
2811,18,f,unión libre,1,0,76250,50000,57228.16923076923,27021,7625.0,0.7505,0.5404,0.1,SALUDABLE
2812,36,m,unión libre,1,0,29600,50000,51420.31538461538,40028,6512.0,1.7372,0.8006,0.22,SALUDABLE
2813,26,m,divorciado,0,1,27899,30000,40835.52307692308,9318,2789.9,1.4637,0.3106,0.1,RIESGOSO
2814,67,m,casado,3,1,17312,15000,49878.86923076923,7550,1731.2,2.8812,0.5033,0.1,RIESGOSO
2815,59,m,divorciado,0,0,76164,15000,44247.36153846153,5799,7616.4,0.5809,0.3866,0.1,SALUDABLE
2816,66,m,soltero,2,0,59907,120000,42112.907692307694,66269,5990.7,0.703,0.5522,0.1,MODERADO
2817,23,f,divorciado,0,0,26409,30000,51561.71538461538,5855,5809.98,1.9524,0.1952,0.22,RIESGOSO
2818,62,m,casado,1,1,67785,50000,46178.78461538461,11254,2033.55,0.6813,0.2251,0.03,SALUDABLE
2819,53,m,soltero,1,1,35686,80000,50191.39230769231,20787,3568.6,1.4065,0.2598,0.1,RIESGOSO
2820,26,f,divorciado,1,0,21914,15000,45303.96153846154,4382,2191.4,2.0674,0.2921,0.1,RIESGOSO
2821,50,m,casado,3,1,41443,15000,30505.26153846154,10878,4144.3,0.7361,0.7252,0.1,SALUDABLE
2822,19,m,casado,3,1,59550,15000,35665.261538461535,10028,5955.0,0.5989,0.6685,0.1,SALUDABLE
2823,48,m,soltero,0,0,49775,30000,25495.046153846157,27692,10950.5,0.5122,0.9231,0.22,SALUDABLE
2824,40,f,soltero,4,0,16504,50000,48674.5,36307,3630.88,2.9493,0.7261,0.22,RIESGOSO
2825,55,m,casado,0,0,34554,120000,50213.20769230769,80501,3455.4,1.4532,0.6708,0.1,MODERADO
2826,22,m,divorciado,1,0,35849,50000,52873.63076923077,3996,7886.78,1.4749,0.0799,0.22,SALUDABLE
2827,45,m,unión libre,2,1,73569,15000,57145.907692307694,12937,16185.18,0.7768,0.8625,0.22,SALUDABLE
2828,28,m,casado,3,0,69780,50000,37808.54615384615,6898,6978.0,0.5418,0.138,0.1,SALUDABLE
2829,29,m,unión libre,0,0,66213,50000,55219.830769230764,45341,6621.3,0.834,0.9068,0.1,SALUDABLE
2830,21,f,soltero,0,1,70965,15000,54490.43846153846,8232,2128.95,0.7678,0.5488,0.03,SALUDABLE
2831,58,f,divorciado,4,1,38898,50000,48364.876923076925,43210,1166.94,1.2434,0.8642,0.03,MODERADO
2832,65,f,unión libre,3,0,47389,15000,51548.12307692308,1196,4738.9,1.0878,0.0797,0.1,SALUDABLE
2833,30,m,soltero,4,0,8301,15000,43677.76923076923,540,249.03,5.2617,0.036,0.03,RIESGOSO
2834,34,m,unión libre,4,1,32018,15000,49911.18461538461,164,7043.96,1.5588,0.0109,0.22,SALUDABLE
2835,44,f,divorciado,4,0,58635,15000,35324.64615384615,6887,1759.05,0.6024,0.4591,0.03,SALUDABLE
2836,35,m,casado,0,0,68699,15000,49702.223076923074,5867,15113.78,0.7235,0.3911,0.22,SALUDABLE
2837,19,f,casado,0,0,54479,50000,55377.50769230769,7851,5447.9,1.0165,0.157,0.1,SALUDABLE
2838,22,f,casado,1,0,43784,120000,50439.84615384615,57784,1313.52,1.152,0.4815,0.03,MODERADO
2839,46,m,divorciado,0,1,56972,30000,46236.86923076923,18260,5697.2,0.8116,0.6087,0.1,SALUDABLE
2840,25,m,divorciado,4,0,20193,30000,51447.44615384616,20229,4442.46,2.5478,0.6743,0.22,RIESGOSO
2841,58,m,casado,1,0,33632,30000,38598.31538461538,15931,7399.04,1.1477,0.531,0.22,SALUDABLE
2842,48,m,divorciado,3,0,77295,50000,43078.94615384616,15757,7729.5,0.5573,0.3151,0.1,SALUDABLE
2843,37,m,casado,3,1,13493,30000,50089.17692307692,8293,2968.46,3.7122,0.2764,0.22,RIESGOSO
2844,68,f,casado,1,0,54883,30000,37809.49230769231,10551,12074.26,0.6889,0.3517,0.22,SALUDABLE
2845,50,f,unión libre,4,1,13274,50000,52344.78461538461,4365,1327.4,3.9434,0.0873,0.1,RIESGOSO
2846,54,f,divorciado,2,1,46897,30000,53188.43846153846,4754,1406.91,1.1342,0.1585,0.03,RIESGOSO
2847,67,m,unión libre,1,1,41724,80000,41953.26923076923,31267,1251.72,1.0055,0.3908,0.03,RIESGOSO
2848,24,m,divorciado,0,0,77590,15000,43630.62307692308,4798,7759.0,0.5623,0.3199,0.1,SALUDABLE
2849,21,m,soltero,1,0,61697,15000,45461.12307692308,1517,1850.91,0.7368,0.1011,0.03,SALUDABLE
2850,40,f,soltero,0,1,34464,50000,33498.04615384615,6334,1033.92,0.972,0.1267,0.03,RIESGOSO
2851,21,f,divorciado,1,0,13713,15000,47439.23846153846,14948,411.39,3.4594,0.9965,0.03,RIESGOSO
2852,58,m,soltero,2,1,8551,120000,37940.1,77100,1881.22,4.4369,0.6425,0.22,MODERADO
2853,34,f,soltero,1,1,76158,15000,47406.35384615384,160,2284.74,0.6225,0.0107,0.03,SALUDABLE
2854,66,f,casado,1,1,22329,50000,30555.984615384616,1755,669.87,1.3684,0.0351,0.03,RIESGOSO
2855,65,m,soltero,2,0,74309,15000,47228.94615384616,10046,2229.27,0.6356,0.6697,0.03,SALUDABLE
2856,43,m,soltero,2,0,42815,50000,31296.33846153846,29212,4281.5,0.731,0.5842,0.1,SALUDABLE
2857,41,f,divorciado,2,0,36313,30000,43349.33846153846,16949,7988.86,1.1938,0.565,0.22,SALUDABLE
2858,68,f,unión libre,1,1,44672,120000,48999.68461538461,21309,9827.84,1.0969,0.1776,0.22,SALUDABLE
2859,47,f,soltero,2,0,20915,15000,41393.86153846154,10096,4601.3,1.9791,0.6731,0.22,RIESGOSO
2860,50,f,unión libre,1,1,16571,120000,37424.915384615386,116316,1657.1,2.2585,0.9693,0.1,MODERADO
2861,21,f,soltero,3,1,29699,30000,46810.11538461538,16816,2969.9,1.5762,0.5605,0.1,RIESGOSO
2862,34,m,casado,1,0,27284,80000,45591.75384615384,47572,818.52,1.671,0.5946,0.03,MODERADO
2863,64,f,divorciado,4,1,35639,50000,35044.07692307692,37448,1069.17,0.9833,0.749,0.03,MODERADO
2864,64,f,unión libre,2,1,56410,15000,35486.88461538462,4929,5641.0,0.6291,0.3286,0.1,SALUDABLE
2865,46,f,soltero,3,0,27936,80000,44945.223076923074,32926,6145.92,1.6089,0.4116,0.22,SALUDABLE
2866,26,m,soltero,0,0,67976,15000,38620.59230769231,14203,2039.28,0.5682,0.9469,0.03,SALUDABLE
2867,51,m,unión libre,4,0,54055,15000,49345.25384615384,3571,5405.5,0.9129,0.2381,0.1,SALUDABLE
2868,65,m,divorciado,4,1,23491,120000,45307.85384615385,13791,2349.1,1.9287,0.1149,0.1,RIESGOSO
2869,69,f,unión libre,4,1,8603,30000,46605.7,22979,258.09,5.4174,0.766,0.03,RIESGOSO
2870,54,m,soltero,0,1,33168,120000,50247.03846153846,27542,3316.8,1.5149,0.2295,0.1,RIESGOSO
2871,43,m,soltero,1,1,51196,15000,37514.10769230769,1889,5119.6,0.7328,0.1259,0.1,SALUDABLE
2872,49,m,divorciado,3,1,31713,15000,53365.484615384616,12857,3171.3,1.6828,0.8571,0.1,RIESGOSO
2873,33,m,unión libre,1,1,65033,15000,57231.053846153845,9923,6503.3,0.88,0.6615,0.1,SALUDABLE
2874,49,f,divorciado,0,1,76101,30000,51844.369230769225,16225,2283.03,0.6813,0.5408,0.03,SALUDABLE
2875,68,f,unión libre,4,1,58557,30000,37855.12307692308,25984,5855.7,0.6465,0.8661,0.1,SALUDABLE
2876,33,f,divorciado,3,1,18935,30000,46201.330769230764,4049,1893.5,2.44,0.135,0.1,RIESGOSO
2877,19,m,unión libre,3,1,31955,50000,34564.73846153846,4227,3195.5,1.0817,0.0845,0.1,RIESGOSO
2878,49,m,casado,2,0,68268,80000,52655.63846153846,19389,6826.8,0.7713,0.2424,0.1,SALUDABLE
2879,40,m,soltero,3,1,40872,80000,46204.82307692308,43261,1226.16,1.1305,0.5408,0.03,MODERADO
2880,26,m,unión libre,2,1,74663,15000,36760.56153846154,419,16425.86,0.4924,0.0279,0.22,SALUDABLE
2881,58,f,divorciado,4,1,59486,120000,47119.65384615384,3456,13086.92,0.7921,0.0288,0.22,SALUDABLE
2882,26,m,casado,2,0,29602,15000,60452.261538461535,12173,2960.2,2.0422,0.8115,0.1,RIESGOSO
2883,24,f,unión libre,1,0,49826,30000,33511.93846153846,12547,1494.78,0.6726,0.4182,0.03,SALUDABLE
2884,32,f,divorciado,2,1,42734,15000,47661.11538461538,7993,4273.4,1.1153,0.5329,0.1,SALUDABLE
2885,51,m,soltero,1,0,48952,30000,41063.36923076923,19131,4895.2,0.8388,0.6377,0.1,SALUDABLE
2886,18,m,soltero,2,1,13731,15000,54414.869230769225,364,411.93,3.9629,0.0243,0.03,RIESGOSO
2887,23,m,unión libre,4,1,43026,30000,45680.89230769231,12572,4302.6,1.0617,0.4191,0.1,SALUDABLE
2888,67,f,unión libre,3,1,42377,80000,33492.153846153844,36573,1271.31,0.7903,0.4572,0.03,MODERADO
2889,39,f,divorciado,3,1,33196,30000,45122.50769230769,24903,3319.6,1.3593,0.8301,0.1,RIESGOSO
2890,52,f,divorciado,4,1,71349,30000,45252.23846153847,9008,7134.9,0.6342,0.3003,0.1,SALUDABLE
2891,20,f,casado,1,1,62998,80000,37698.66923076923,58683,6299.8,0.5984,0.7335,0.1,MODERADO
2892,25,f,casado,0,1,63475,30000,48396.16923076923,10761,13964.5,0.7624,0.3587,0.22,SALUDABLE
2893,43,f,soltero,0,1,20800,15000,40534.69230769231,2363,2080.0,1.9488,0.1575,0.1,RIESGOSO
2894,51,f,divorciado,2,1,34063,30000,36171.83846153846,19294,3406.3,1.0619,0.6431,0.1,SALUDABLE
2895,60,m,divorciado,3,1,77777,30000,42842.37692307692,8675,2333.31,0.5508,0.2892,0.03,SALUDABLE
2896,46,f,soltero,2,0,63896,80000,35699.81538461538,16887,1916.88,0.5587,0.2111,0.03,SALUDABLE
2897,33,m,unión libre,2,1,14599,30000,49509.09230769231,21978,1459.9,3.3913,0.7326,0.1,RIESGOSO
2898,44,f,casado,0,1,70782,50000,40995.907692307694,38636,2123.46,0.5792,0.7727,0.03,SALUDABLE
2899,50,m,soltero,4,1,68624,50000,50477.553846153845,27378,6862.4,0.7356,0.5476,0.1,SALUDABLE
2900,65,m,casado,1,1,20019,80000,49909.06923076923,62280,2001.9,2.4931,0.7785,0.1,MODERADO
2901,38,f,soltero,4,1,58232,80000,32911.28461538461,20779,12811.04,0.5652,0.2597,0.22,SALUDABLE
2902,42,f,unión libre,4,1,14432,50000,51190.14615384615,4105,1443.2,3.547,0.0821,0.1,RIESGOSO
2903,70,f,soltero,1,1,11180,30000,43079.83076923077,16602,1118.0,3.8533,0.5534,0.1,RIESGOSO
2904,38,m,casado,3,0,79584,120000,44960.07692307692,26411,7958.4,0.5649,0.2201,0.1,SALUDABLE
2905,29,f,divorciado,2,0,51337,50000,45451.67692307692,3691,5133.7,0.8854,0.0738,0.1,SALUDABLE
2906,32,f,casado,1,1,37630,50000,52459.51538461538,9301,3763.0,1.3941,0.186,0.1,RIESGOSO
2907,54,f,soltero,0,0,25859,80000,47746.65384615384,27536,2585.9,1.8464,0.3442,0.1,RIESGOSO
2908,35,f,divorciado,0,0,30869,80000,49773.1,12267,3086.9,1.6124,0.1533,0.1,RIESGOSO
2909,38,f,divorciado,2,0,25314,30000,34510.584615384614,19688,2531.4,1.3633,0.6563,0.1,RIESGOSO
2910,55,f,unión libre,1,1,49718,120000,45039.56923076923,69787,1491.54,0.9059,0.5816,0.03,MODERADO
2911,47,m,soltero,2,0,14237,120000,41882.39230769231,26689,3132.14,2.9418,0.2224,0.22,RIESGOSO
2912,42,f,casado,3,1,25230,120000,37711.71538461538,38050,2523.0,1.4947,0.3171,0.1,MODERADO
2913,51,f,unión libre,2,1,12478,120000,39575.261538461535,54130,2745.16,3.1716,0.4511,0.22,RIESGOSO
2914,33,f,soltero,0,1,40114,120000,60051.67692307692,35369,8825.08,1.497,0.2947,0.22,SALUDABLE
2915,19,m,divorciado,2,1,35687,80000,39058.97692307692,78626,3568.7,1.0945,0.9828,0.1,MODERADO
2916,60,f,soltero,0,0,71080,15000,34575.64615384615,2436,7108.0,0.4864,0.1624,0.1,SALUDABLE
2917,38,f,soltero,3,1,78685,120000,36165.24615384615,34104,7868.5,0.4596,0.2842,0.1,SALUDABLE
2918,64,m,divorciado,1,0,11255,120000,54004.30769230769,58589,337.65,4.7983,0.4882,0.03,RIESGOSO
2919,47,m,divorciado,3,0,18754,30000,49502.34615384616,16365,1875.4,2.6396,0.5455,0.1,RIESGOSO
2920,65,f,unión libre,2,0,70971,50000,44601.28461538461,27429,2129.13,0.6284,0.5486,0.03,SALUDABLE
2921,59,m,unión libre,2,0,78806,15000,41884.230769230766,13478,7880.6,0.5315,0.8985,0.1,SALUDABLE
2922,49,m,casado,1,0,45794,120000,36555.60769230769,29426,4579.4,0.7983,0.2452,0.1,SALUDABLE
2923,21,f,casado,0,0,29765,15000,55390.21538461538,8396,6548.3,1.8609,0.5597,0.22,SALUDABLE
2924,70,f,casado,1,0,18662,30000,32263.16923076923,19737,1866.2,1.7288,0.6579,0.1,RIESGOSO
2925,46,f,casado,4,1,37541,30000,55321.60769230769,22780,3754.1,1.4736,0.7593,0.1,RIESGOSO
2926,27,f,unión libre,4,0,71591,50000,53819.7923076923,7555,7159.1,0.7518,0.1511,0.1,SALUDABLE
2927,26,f,unión libre,0,0,49192,120000,41531.68461538461,77578,4919.2,0.8443,0.6465,0.1,MODERADO
2928,19,f,divorciado,1,1,62313,50000,52902.77692307692,17234,6231.3,0.849,0.3447,0.1,SALUDABLE
2929,52,m,unión libre,1,0,77783,30000,48066.838461538464,24805,7778.3,0.618,0.8268,0.1,SALUDABLE
2930,26,m,casado,2,0,66985,50000,45300.66923076923,2901,6698.5,0.6763,0.058,0.1,SALUDABLE
2931,52,f,soltero,4,1,74712,15000,42255.223076923074,863,7471.2,0.5656,0.0575,0.1,SALUDABLE
2932,49,f,casado,0,0,69611,15000,39126.26923076923,9089,15314.42,0.5621,0.6059,0.22,SALUDABLE
2933,58,m,soltero,1,1,28377,120000,57057.85384615384,81508,2837.7,2.0107,0.6792,0.1,MODERADO
2934,31,f,soltero,1,1,11788,50000,51922.51538461538,986,1178.8,4.4047,0.0197,0.1,RIESGOSO
2935,70,m,divorciado,3,1,32494,120000,40464.06153846154,70763,3249.4,1.2453,0.5897,0.1,MODERADO
2936,47,f,divorciado,3,1,49251,120000,38980.95384615385,86338,4925.1,0.7915,0.7195,0.1,MODERADO
2937,38,f,soltero,0,0,46214,50000,46674.43076923076,46619,4621.4,1.01,0.9324,0.1,MODERADO
2938,43,f,casado,3,0,25361,120000,49267.50769230769,114003,760.83,1.9426,0.95,0.03,MODERADO
2939,18,m,divorciado,3,0,14714,80000,49917.915384615386,10528,441.42,3.3925,0.1316,0.03,RIESGOSO
2940,48,m,divorciado,1,0,47656,30000,51556.93846153846,7206,4765.6,1.0819,0.2402,0.1,SALUDABLE
2941,60,f,casado,1,0,59855,120000,36435.18461538461,89270,1795.65,0.6087,0.7439,0.03,MODERADO
2942,56,m,unión libre,0,0,49623,30000,33016.04615384615,20592,10917.06,0.6653,0.6864,0.22,SALUDABLE
2943,35,m,unión libre,1,0,59942,120000,52104.74615384615,6755,1798.26,0.8693,0.0563,0.03,SALUDABLE
2944,34,f,soltero,1,1,47100,30000,54570.84615384616,6559,1413.0,1.1586,0.2186,0.03,RIESGOSO
2945,53,f,divorciado,0,0,61950,50000,40452.21538461538,1799,1858.5,0.653,0.036,0.03,SALUDABLE
2946,25,f,casado,0,1,35716,50000,42628.78461538461,19353,3571.6,1.1935,0.3871,0.1,SALUDABLE
2947,36,f,casado,2,0,14841,30000,49835.28461538461,18892,3265.02,3.3579,0.6297,0.22,RIESGOSO
2948,47,m,unión libre,3,0,72510,15000,47893.984615384616,367,2175.3,0.6605,0.0245,0.03,SALUDABLE
2949,63,f,soltero,4,0,77231,50000,54768.8,9055,7723.1,0.7092,0.1811,0.1,SALUDABLE
2950,59,m,casado,3,0,62907,120000,45311.13846153846,447,6290.7,0.7203,0.0037,0.1,SALUDABLE
2951,29,m,divorciado,3,0,65101,15000,37355.876923076925,11774,6510.1,0.5738,0.7849,0.1,SALUDABLE
2952,26,f,casado,1,0,33380,80000,47853.484615384616,24697,3338.0,1.4336,0.3087,0.1,RIESGOSO
2953,23,m,soltero,4,1,42631,80000,53568.36923076923,12936,4263.1,1.2566,0.1617,0.1,SALUDABLE
2954,64,m,casado,2,1,20222,80000,35009.50769230769,51701,606.66,1.7313,0.6463,0.03,MODERADO
2955,40,f,soltero,1,0,60334,15000,37869.2923076923,12321,6033.4,0.6277,0.8214,0.1,SALUDABLE
2956,48,f,unión libre,0,1,33219,50000,59945.31538461538,13819,3321.9,1.8045,0.2764,0.1,RIESGOSO
2957,25,m,divorciado,1,0,14966,120000,34011.67692307692,6124,1496.6,2.2726,0.051,0.1,RIESGOSO
2958,30,f,unión libre,4,1,23803,15000,52780.32307692307,10009,2380.3,2.2174,0.6673,0.1,RIESGOSO
2959,48,m,casado,1,0,41464,80000,33584.53846153846,44162,4146.4,0.81,0.552,0.1,MODERADO
2960,67,f,divorciado,1,1,79889,80000,40687.53846153846,39046,7988.9,0.5093,0.4881,0.1,SALUDABLE
2961,20,m,casado,1,0,23213,15000,47859.86153846153,13559,5106.86,2.0618,0.9039,0.22,RIESGOSO
2962,37,f,unión libre,2,0,26649,50000,45059.83846153846,395,5862.78,1.6909,0.0079,0.22,RIESGOSO
2963,37,f,unión libre,3,0,66444,80000,46464.57692307692,49172,6644.4,0.6993,0.6146,0.1,SALUDABLE
2964,58,m,casado,0,1,59557,80000,41267.907692307694,40990,13102.54,0.6929,0.5124,0.22,SALUDABLE
2965,52,f,unión libre,1,1,16419,30000,36740.46153846154,16991,1641.9,2.2377,0.5664,0.1,RIESGOSO
2966,48,f,divorciado,0,0,72282,15000,51686.553846153845,3828,2168.46,0.7151,0.2552,0.03,SALUDABLE
2967,43,f,casado,2,1,40427,50000,31158.53846153846,46854,1212.81,0.7707,0.9371,0.03,MODERADO
2968,70,m,soltero,2,0,73643,15000,38258.74615384615,722,16201.46,0.5195,0.0481,0.22,SALUDABLE
2969,21,f,unión libre,2,1,61873,15000,37281.85384615385,10230,6187.3,0.6026,0.682,0.1,SALUDABLE
2970,35,f,soltero,2,0,31712,50000,41908.230769230766,38681,6976.64,1.3215,0.7736,0.22,SALUDABLE
2971,32,m,casado,4,0,54295,80000,63037.70769230769,7552,5429.5,1.161,0.0944,0.1,SALUDABLE
2972,57,m,soltero,1,0,29166,80000,50743.553846153845,14791,2916.6,1.7398,0.1849,0.1,RIESGOSO
2973,38,f,soltero,1,0,53351,15000,50039.7,13268,1600.53,0.9379,0.8845,0.03,SALUDABLE
2974,39,f,unión libre,4,0,8515,120000,51415.907692307694,11837,255.45,6.0383,0.0986,0.03,RIESGOSO
2975,57,f,casado,4,1,10949,80000,49818.69230769231,19468,1094.9,4.5501,0.2434,0.1,RIESGOSO
2976,19,f,casado,0,0,44266,80000,55914.14615384615,61001,1327.98,1.2631,0.7625,0.03,MODERADO
2977,68,f,divorciado,3,0,50281,120000,36041.85384615385,101384,5028.1,0.7168,0.8449,0.1,MODERADO
2978,44,m,soltero,4,0,57002,15000,49984.65384615384,6920,12540.44,0.8769,0.4613,0.22,SALUDABLE
2979,35,f,divorciado,1,0,39421,80000,45084.26923076923,12455,3942.1,1.1437,0.1557,0.1,SALUDABLE
2980,32,f,divorciado,1,1,10928,30000,41553.92307692308,2801,327.84,3.8025,0.0934,0.03,RIESGOSO
2981,18,m,soltero,2,0,22900,80000,43846.21538461538,15168,2290.0,1.9147,0.1896,0.1,RIESGOSO
2982,53,f,divorciado,1,0,62466,120000,43646.86153846154,62443,13742.52,0.6987,0.5204,0.22,MODERADO
2983,24,m,divorciado,0,0,12862,30000,38250.00769230769,8118,385.86,2.9739,0.2706,0.03,RIESGOSO
2984,68,m,unión libre,0,1,48265,30000,46522.984615384616,20522,1447.95,0.9639,0.6841,0.03,SALUDABLE
2985,21,f,soltero,0,1,72121,80000,36512.66923076923,41216,2163.63,0.5063,0.5152,0.03,SALUDABLE
2986,68,f,divorciado,3,0,26271,15000,34524.161538461536,12079,5779.62,1.3142,0.8053,0.22,SALUDABLE
2987,52,f,casado,0,0,16002,80000,48560.7923076923,15204,480.06,3.0347,0.19,0.03,RIESGOSO
2988,30,f,casado,0,1,69067,15000,48838.24615384615,8844,6906.7,0.7071,0.5896,0.1,SALUDABLE
2989,56,m,casado,3,0,52321,30000,40977.13076923077,6684,11510.62,0.7832,0.2228,0.22,SALUDABLE
2990,21,m,casado,0,1,33489,30000,44767.484615384616,5743,3348.9,1.3368,0.1914,0.1,RIESGOSO
2991,25,f,soltero,0,0,35783,80000,33709.99230769231,19181,7872.26,0.9421,0.2398,0.22,SALUDABLE
2992,43,m,divorciado,2,1,48467,15000,38490.58461538461,11548,1454.01,0.7942,0.7699,0.03,SALUDABLE
2993,41,m,soltero,1,0,55116,120000,45340.56923076923,1102,12125.52,0.8226,0.0092,0.22,SALUDABLE
2994,55,m,casado,1,1,65121,80000,49466.07692307692,65636,6512.1,0.7596,0.8204,0.1,MODERADO
2995,42,m,divorciado,1,0,19482,80000,42159.11538461538,75546,1948.2,2.164,0.9443,0.1,MODERADO
2996,37,f,soltero,2,0,14554,30000,44679.7923076923,7252,3201.88,3.0699,0.2417,0.22,RIESGOSO
2997,31,m,soltero,4,1,39930,30000,41993.93846153846,29901,3993.0,1.0517,0.9967,0.1,SALUDABLE
2998,52,m,casado,2,1,76397,30000,38370.31538461538,26397,2291.91,0.5022,0.8799,0.03,SALUDABLE
2999,54,m,unión libre,4,0,41035,30000,54060.28461538461,23407,9027.7,1.3174,0.7802,0.22,SALUDABLE
3000,46,f,soltero,0,1,58563,30000,34023.153846153844,13664,5856.3,0.581,0.4555,0.1,SALUDABLE
